{"val_loss": [2.7762926705932616], "val_acc": [0.3882154282665253], "loss": [2.9183791055039063], "acc": [0.3510764415655921]}