{"val_loss": [6.2329573049777895, 5.346041225805515, 5.007849228091356, 4.609624827780375, 4.335528164375119, 4.218756925768968, 3.990953160495293, 3.8697389858524973, 3.7090038090217403, 3.5746708497768496], "val_decoded_mean_loss": [4.575805733843548, 3.8229650636998618, 3.5192008600002382, 3.2568824000474885, 3.060939230569979, 2.9075290866014436, 2.7750628285291716, 2.6568392253503568, 2.5597879595872834, 2.449942420168621], "val_qspr_loss": [1.6571515217059996, 1.523076133030217, 1.48864841751936, 1.3527423608593825, 1.2745888989146164, 1.3112278260835788, 1.2158903014369127, 1.2128997866700335, 1.1492158523420009, 1.1247284121629668], "val_decoded_mean_acc": [0.7022648003043198, 0.7273228793609433, 0.7399244948131282, 0.7551393683363752, 0.7665505278401259, 0.7816492435408802, 0.7941347302460089, 0.8011324056764928, 0.8104820077012225, 0.818757257810453], "val_decoded_mean_mean_squared_error": [0.009512982149494857, 0.008687306411291769, 0.008278456062260197, 0.007863788513421285, 0.007486873658419382, 0.007158861927142958, 0.006856320255504149, 0.006576605572751383, 0.0063240231219224815, 0.006067375425340199], "val_qspr_acc": [0.0, 0.0, 0.0, 0.003048780487804878, 0.003048780487804878, 0.003048780487804878, 0.003048780487804878, 0.003048780487804878, 0.003048780487804878, 0.003048780487804878], "val_qspr_mean_squared_error": [1.6571515217059996, 1.523076133030217, 1.48864841751936, 1.3527423608593825, 1.2745888989146164, 1.3112278260835788, 1.2158903014369127, 1.2128997866700335, 1.1492158523420009, 1.1247284121629668], "loss": [8.846682923330862, 6.069719909772747, 5.421908284333165, 4.999528005350319, 4.70035593968078, 4.477633906041375, 4.309199453249104, 4.12097026057549, 3.952141698072142, 3.833255598366402], "decoded_mean_loss": [6.40816987155049, 4.299030984365645, 3.8060278305565958, 3.5064720876259736, 3.302771432960021, 3.131104575775162, 2.9728901614250267, 2.867672177483244, 2.722349407511996, 2.6295271931199067], "qspr_loss": [2.438513008446239, 1.7706889341588181, 1.615880438253895, 1.493055883990825, 1.3975845162203127, 1.3465293401194733, 1.3363092783933253, 1.2532980809295813, 1.2297922758055202, 1.2037284174342202], "decoded_mean_acc": [0.64214826287072, 0.6954577015836023, 0.7197468092822349, 0.7386781641611531, 0.7499749721531627, 0.7622083350333896, 0.7741478149993576, 0.7836038030863374, 0.7954399397956108, 0.8016825718934676], "decoded_mean_mean_squared_error": [0.011926726747598536, 0.009541055150791148, 0.008841097325676527, 0.00837197264851595, 0.008055166029028667, 0.007739603635499733, 0.0074046397977721775, 0.007162936834922258, 0.006815223408425236, 0.0065927054638610875], "qspr_acc": [0.0, 0.0, 0.0, 0.0, 0.0, 0.0, 0.0, 0.0, 0.0, 0.0], "qspr_mean_squared_error": [2.438513008446239, 1.7706889341588181, 1.615880438253895, 1.493055883990825, 1.3975845162203127, 1.3465293401194733, 1.3363092783933253, 1.2532980809295813, 1.2297922758055202, 1.2037284174342202]}