{"val_cation_decoded_mean_acc": [0.9178717163787491, 0.9259362234466377, 0.919540242217053, 0.9209306657999411, 0.9322395146578207, 0.9336299546833696, 0.936318127588294, 0.9288097839245851, 0.931219873757198, 0.9369670159515293], "anion_decoded_mean_loss": [0.9619441474969395, 0.7489462173404023, 0.706513236810605, 0.8787567667306041, 0.7437403963777585, 0.711070601018473, 0.7804364364748946, 0.7183235464385523, 0.7247903100217874, 0.7110709023551819], "val_cation_decoded_mean_loss": [1.4878467705057956, 1.4260762765489776, 1.4268037217786942, 1.4671736941940483, 1.3540229180763508, 1.3392685884716866, 1.3136854199157364, 1.3483954284382962, 1.3458541823529648, 1.2912344836640632], "val_qspr_loss": [0.44087612491914596, 0.11604678391040056, 0.16785554159646746, 0.07320253619517403, 0.16670456665685807, 0.05908471637073605, 0.3891624273924992, 0.1472087557288422, 0.1540679308189743, 0.08948453952526224], "val_anion_decoded_mean_acc": [0.9534668113993502, 0.9572673275552946, 0.9528179531809927, 0.9454950114776348, 0.9561550000618244, 0.9535595226561886, 0.9557842098433396, 0.9538376043582785, 0.9532814162901078, 0.9558768984915196], "anion_decoded_mean_mean_squared_error": [0.0022784092528269455, 0.0013446824717374085, 0.001178976507952657, 0.0016474023901711637, 0.001357360699767479, 0.0012077892033276133, 0.0014953004966189447, 0.0012227411820038487, 0.0012714234181492332, 0.001200154675736119], "val_qspr_acc": [0.0, 0.0, 0.0, 0.0, 0.0, 0.0, 0.0, 0.0, 0.0, 0.0], "cation_decoded_mean_loss": [1.6867514048902372, 1.5188292319020524, 1.4819276714477296, 1.530470536615902, 1.4357917396405253, 1.3822374000336035, 1.387390832093577, 1.3585502079881417, 1.4054493837844069, 1.4084383997292564], "qspr_acc": [0.0, 0.0, 0.0, 0.0, 0.0, 0.0, 0.0, 0.0, 0.0, 0.0], "loss": [10.23053120332785, 3.613042177102817, 3.253380560037046, 3.3605008617376746, 3.093535913217563, 3.082442382349374, 3.180727051926878, 3.1064703158296334, 3.1006719127630653, 3.0211636703235274], "val_qspr_mean_squared_error": [0.44087612491914596, 0.11604678391040056, 0.16785554159646746, 0.07320253619517403, 0.16670456665685807, 0.05908471637073605, 0.3891624273924992, 0.1472087557288422, 0.1540679308189743, 0.08948453952526224], "val_cation_decoded_mean_mean_squared_error": [0.0033467856540890604, 0.003034921095374672, 0.003094895188857255, 0.003164264555463846, 0.0027000378153618724, 0.002660333866724509, 0.0025310313500378325, 0.002739188020470841, 0.0026929092957456223, 0.0024202708957781053], "qspr_loss": [7.581835666784463, 1.3452667509024137, 1.0649396381439111, 0.951273578100692, 0.9140037686680071, 0.9891344019018423, 1.0128997942129263, 1.0295965750377398, 0.9704322118728687, 0.9016543523952983], "anion_decoded_mean_acc": [0.9410388534442304, 0.9590642041672532, 0.9617231780347733, 0.9501906626521589, 0.9576728861933699, 0.9604967522925844, 0.953251576385559, 0.9600123658347816, 0.9593321629225636, 0.9596928787688478], "val_loss": [2.7705525995671065, 2.3293960560327287, 2.4201630723887475, 2.4525926277555268, 2.298015871267209, 2.1941248603250787, 2.490618039821756, 2.293496904702022, 2.2973680797664597, 2.1502828241764815], "qspr_mean_squared_error": [7.581835666784463, 1.3452667509024137, 1.0649396381439111, 0.951273578100692, 0.9140037686680071, 0.9891344019018423, 1.0128997942129263, 1.0295965750377398, 0.9704322118728687, 0.9016543523952983], "cation_decoded_mean_mean_squared_error": [0.004389515933774102, 0.0035213320397031005, 0.003344687240156598, 0.0033918397974211, 0.003099773280298748, 0.0028505309708059404, 0.0028927096138937403, 0.0027465091926007035, 0.002993354458992664, 0.0029916367114197237], "val_anion_decoded_mean_loss": [0.8418297377125971, 0.787273074703655, 0.8255037322811697, 0.9122163762991455, 0.7772883375485738, 0.795771583743479, 0.7877702459521677, 0.7978927349222118, 0.797446018662946, 0.7695638119489298], "cation_decoded_mean_acc": [0.8850046382925381, 0.9130062876417995, 0.9164485198240311, 0.9140471994686431, 0.9219622832898515, 0.9273317566314063, 0.9256827801561204, 0.9287333785535429, 0.9216427907014426, 0.9228176870665992], "val_anion_decoded_mean_mean_squared_error": [0.0015741378127800665, 0.0013678829619211369, 0.0015582304565642756, 0.0018304193836647547, 0.0013711017933834729, 0.001442779717303213, 0.0013737251644889857, 0.0014421694815672677, 0.0014497351286740139, 0.001331051578745246]}