{"val_loss": [6.958035566867927, 5.663117310939691, 5.073593408633501, 4.755033211830335, 4.560015592819605, 4.405206313500037, 4.353390803703895, 4.314113311278514, 4.241193612416585, 4.195271944388365], "val_decoded_mean_loss": [6.117122735732641, 4.796362302242181, 4.200421480032114, 3.8650662960150304, 3.6621388777708397, 3.5114815112872, 3.4466781310546093, 3.401482117481721, 3.3286297137920675, 3.270609880105043], "val_qspr_loss": [0.84091289073993, 0.866754949092865, 0.8731720050175985, 0.8899671114408053, 0.8978767257470351, 0.8937247747030014, 0.9067125366284297, 0.9126311617019849, 0.912563898624518, 0.924662172794342], "val_decoded_mean_acc": [0.6752136915158002, 0.6796092987060547, 0.6959707018656608, 0.7054944817836468, 0.7128205299377441, 0.722100127965976, 0.7260073102437533, 0.7274725376031338, 0.7352869082719852, 0.7369963404459831], "val_decoded_mean_mean_squared_error": [0.01202616831048941, 0.010742785027011847, 0.009827514513371846, 0.009296225956999339, 0.008941208824324302, 0.008641459525395662, 0.00851742462374461, 0.008447688502761034, 0.008289121927168125, 0.008164263282639857], "val_qspr_acc": [0.0, 0.0, 0.0, 0.0, 0.0, 0.0, 0.0, 0.0, 0.0, 0.0], "val_qspr_mean_squared_error": [0.84091289073993, 0.866754949092865, 0.8731720050175985, 0.8899671114408053, 0.8978767257470351, 0.8937247747030014, 0.9067125366284297, 0.9126311617019849, 0.912563898624518, 0.924662172794342], "loss": [11.233112754821777, 6.0290484128679545, 5.163906884874616, 4.810043016161237, 4.561948441096715, 4.399452833448137, 4.266657930101667, 4.165511004584176, 4.095221855981009, 4.035212790625436], "decoded_mean_loss": [10.229745224543981, 5.109003810882569, 4.306720041547503, 3.951882460457938, 3.725026554380144, 3.5578848348345073, 3.4481468336922783, 3.358254450389317, 3.294360866546631, 3.2269861793518064], "qspr_loss": [1.0033674052783421, 0.920044527053833, 0.8571868477548872, 0.8581605015482221, 0.8369219030652727, 0.8415679819243295, 0.8185110824448721, 0.8072565380164555, 0.8008609596320561, 0.8082266170637948], "decoded_mean_acc": [0.5640544196537562, 0.6880544240134103, 0.693741500377655, 0.7042176927839007, 0.7153469364983694, 0.7251156459535871, 0.7322176936694554, 0.7360816352708, 0.7405986455508641, 0.7434285627092634], "decoded_mean_mean_squared_error": [0.01992727754371507, 0.010751676820218563, 0.009865220652094909, 0.009362155662051268, 0.00893852913486106, 0.008628636279276439, 0.008422579568411623, 0.008268927383635724, 0.008139855430594513, 0.00801746390759945], "qspr_acc": [0.0, 0.0, 0.0, 0.0, 0.0, 0.0, 0.0, 0.0, 0.0, 0.0], "qspr_mean_squared_error": [1.0033674052783421, 0.920044527053833, 0.8571868477548872, 0.8581605015482221, 0.8369219030652727, 0.8415679819243295, 0.8185110824448721, 0.8072565380164555, 0.8008609596320561, 0.8082266170637948]}