{"val_cation_decoded_mean_acc": [0.8660995247887402, 0.8586251023339062, 0.8887686918421489, 0.8920141574813099, 0.895997232053338, 0.893882766002562, 0.8860641238166065, 0.8971282345492665, 0.8840479923457634, 0.8900472027499501], "anion_decoded_mean_loss": [1.063168567594895, 0.9115256698667579, 0.9748808393319933, 0.8930784712083544, 1.0803332005407333, 0.9345317839080497, 0.9647994645776163, 0.9531150342812575, 0.9405901816870326, 0.9353555930837125], "val_cation_decoded_mean_loss": [1.8142451484028885, 1.8750328319828684, 1.683677952464034, 1.6488991539652755, 1.6093265486926567, 1.6202756893344041, 1.7093449569329984, 1.6038317505906268, 1.6859595659302502, 1.6612811204863758], "val_qspr_loss": [1.5343998699653438, 1.4475654741612876, 1.3947017018387957, 1.225599344183759, 1.1930644337723895, 1.106638268726628, 1.003520163094125, 0.9493354791548194, 0.974468469619751, 0.8987405765347365], "val_anion_decoded_mean_acc": [0.8646734923851199, 0.9356314002013788, 0.9307140082847781, 0.9425649075973325, 0.9302714365284618, 0.936959090756207, 0.9387785138153448, 0.9379917339580816, 0.9375983462101076, 0.9460562583876819], "anion_decoded_mean_mean_squared_error": [0.0026637606621047537, 0.001961066049677451, 0.0022815747000055975, 0.001920633985815401, 0.0027265270668053202, 0.0020630712138198976, 0.0021924347048748517, 0.002161988376242811, 0.0020921339077048227, 0.0020724701953792257], "val_qspr_acc": [0.0, 0.0, 0.0, 0.0, 0.0, 0.0, 0.0, 0.0, 0.0, 0.0], "cation_decoded_mean_loss": [1.8164098463288079, 1.7788559986640333, 1.7739363288264955, 1.7075142881028649, 1.681154742003215, 1.6755731292157385, 1.6682900479786595, 1.6943002524073547, 1.6839995690627436, 1.6984861092714585], "qspr_acc": [0.0, 0.0, 0.0, 0.0, 0.0, 0.0, 0.0, 0.0, 0.0, 0.0], "loss": [4.917521420314216, 4.212560271764052, 4.160019025838185, 3.9453428705169533, 4.019841279285, 3.7973092534494386, 3.711683650306218, 3.654643274639048, 3.612975808150407, 3.603689614939827], "val_qspr_mean_squared_error": [1.5343998699653438, 1.4475654741612876, 1.3947017018387957, 1.225599344183759, 1.1930644337723895, 1.106638268726628, 1.003520163094125, 0.9493354791548194, 0.974468469619751, 0.8987405765347365], "val_cation_decoded_mean_mean_squared_error": [0.004983389988632464, 0.0053512740244225756, 0.00426069844695853, 0.00408426014047752, 0.003866714237984724, 0.0039419119428025515, 0.004301173669263357, 0.003879424070984852, 0.004278907268421679, 0.004165552817739364], "qspr_loss": [2.03794302116535, 1.5221785927837523, 1.4112018403379583, 1.3447501089420104, 1.2583533516169483, 1.187204319931928, 1.078594126330266, 1.0072279877483177, 0.9883860765816439, 0.9698479148483794], "anion_decoded_mean_acc": [0.9221113799951488, 0.9371301380607305, 0.9278596393251144, 0.9360964361107038, 0.9168170727119885, 0.9321311713275605, 0.9298559388656784, 0.9318850581910336, 0.9340399694507426, 0.9339305848216719], "val_loss": [4.92400398486998, 4.242024142567704, 4.0637293792352445, 3.7348336243047946, 3.738828845140411, 3.6088919523285656, 3.662421133460068, 3.485493101724764, 3.601080248995525, 3.4013225857804463], "qspr_mean_squared_error": [2.03794302116535, 1.5221785927837523, 1.4112018403379583, 1.3447501089420104, 1.2583533516169483, 1.187204319931928, 1.078594126330266, 1.0072279877483177, 0.9883860765816439, 0.9698479148483794], "cation_decoded_mean_mean_squared_error": [0.004919628869766156, 0.004692912496349728, 0.004671765541974879, 0.004336557557829111, 0.004208997584940665, 0.004183229321102928, 0.00413373381432516, 0.004270038780418063, 0.00421776039501865, 0.004320166891528544], "val_anion_decoded_mean_loss": [1.5753590013922714, 0.9194257782726754, 0.9853497685455694, 0.8603351188869011, 0.9364379019272037, 0.8819780349731445, 0.9495559887188237, 0.932325880701949, 0.9406521800087719, 0.8413008771291594], "cation_decoded_mean_acc": [0.8683479333902141, 0.8754143006278523, 0.8752228769458889, 0.8846793335427587, 0.8879664000635351, 0.8882781456550851, 0.889831439059805, 0.8866100003049106, 0.8873647682017575, 0.8843675799271178], "val_anion_decoded_mean_mean_squared_error": [0.004862074342715304, 0.0020781277235960814, 0.002287845161357304, 0.0018267222288314525, 0.0020945970247295206, 0.0018839270881627027, 0.0020308921414586467, 0.0020536156825539543, 0.002065580341079068, 0.001641548491401098]}