{"cation_decoded_mean_loss": [0.0314930894488842, 0.03230035917220145, 0.01822183798668889, 0.020461993598783115, 0.01759542593187389, 0.031460790075399626, 0.035272729977372894, 0.16996564321022856, 0.08744040832239926, 0.03979141582526764, 0.018602875628290404, 0.012992774572339643, 0.01563774726251579, 0.015616829048418376, 0.00934248645883085, 0.007659561965957526, 0.006525097896302957, 0.00587634733456786, 0.004309070965628244, 0.00410166081649347, 0.007868252707870785, 0.013146671309966749, 0.662968819842839, 1.1142384537794745, 0.5694450618994159, 0.4173644646091425, 0.3804339935668962, 0.2902494366174938, 0.22543297690349176, 0.16594100365508063], "val_anion_decoded_mean_mean_squared_error": [0.0005446729822036038, 0.0002546049102575791, 0.00044853998637025633, 0.0003413283629037678, 0.0030547524632022877, 0.0006173552016063207, 0.00028997524172953536, 0.00018217890500658895, 0.0001574289865125249, 0.00012804235391341513, 0.00010809099683506136, 9.593850143396483e-05, 8.594112021056367e-05, 8.28655547759742e-05, 7.553782823811716e-05, 8.224873975051173e-05, 7.819050696936046e-05, 9.244514061548193e-05, 0.007753921593198689, 0.007377888019219405, 0.0011442021180012422, 0.000775723029552709, 0.0004961478506873657, 0.0003046154588668198, 0.0004785999514818441, 0.00023691380951410194, 0.00023013249328203794, 0.00020387653918388845, 0.00026286757122029596, 0.0002316955202642442], "val_anion_decoded_mean_acc": [0.9703481473573824, 0.9750688468537679, 0.9704956703069734, 0.9726593247274073, 0.9007179330034953, 0.9810680674343575, 0.9839201366029134, 0.980723838980605, 0.9748721515260091, 0.9794944946358843, 0.9761998406270656, 0.9760031511143941, 0.9782159779129959, 0.9767899324254292, 0.9757572834084673, 0.9756589328370443, 0.976888277181765, 0.9758064557866353, 0.8201711206901364, 0.8036978782677069, 0.9490558723124062, 0.9598741167929115, 0.9651849022725734, 0.9711840952314982, 0.9665617637517976, 0.9724134555677089, 0.9727576752988304, 0.9733969278451873, 0.9722167616937218, 0.9721675835004667], "val_cation_decoded_mean_loss": [0.04066480314586221, 0.022866115916702078, 0.018472416553555464, 0.027872718302760183, 0.023680926482306748, 0.024434037574725908, 0.05527404552643619, 0.18854921501947614, 0.07725920883666088, 0.03076933297078784, 0.023148466787505442, 0.016198218311751035, 0.0375072652383185, 0.017516215536289098, 0.012543686216969678, 0.01252563462433655, 0.011829725114583241, 0.013518985747018965, 0.013585539489257626, 0.015313123222213329, 0.029290761503322823, 0.02443381462518762, 1.7303153538122409, 0.72874986543888, 0.4776877600972245, 0.371528487379958, 0.35790807662940605, 0.27581945388782314, 0.2047548101442616, 0.19402053934044955], "cation_decoded_mean_acc": [0.9975770844892552, 0.9975825549384706, 0.9987748677385343, 0.9986436067091565, 0.9988076859063801, 0.9978013256922864, 0.9977575711534564, 0.9867314234876197, 0.9923265378893169, 0.9967238722756258, 0.998649076511594, 0.9992835160310731, 0.9989389508164265, 0.9989662959479445, 0.9995077604679949, 0.9996499630425817, 0.9996882484257524, 0.9997484097847821, 0.9999124902755618, 0.9999015519642434, 0.9996007393480923, 0.99926163811488, 0.9425557029776833, 0.8822454830556451, 0.9400945114014148, 0.9553484530237094, 0.960013780564767, 0.969552281024942, 0.9770671311537263, 0.9839694170921122], "anion_decoded_mean_mean_squared_error": [0.0012599908796992695, 0.0004782280036240845, 0.00043053375649538015, 0.0005100172396830766, 0.0008271012619584161, 0.002225715939710962, 0.0007107280399325051, 0.0003413684316121279, 0.0002861979978425179, 0.0001907336084245168, 0.00014647148972227818, 0.00011916782145697427, 0.00010107887867807888, 9.636434049209592e-05, 7.854440531363209e-05, 9.787196250111063e-05, 8.390894618355853e-05, 8.266969918105224e-05, 0.00017742860476174, 0.0046546729554720005, 0.0030736589859795267, 0.001264359941042861, 0.000872203602231371, 0.0005509415007328198, 0.0004290070222417151, 0.00038517570863833196, 0.00032445455816823164, 0.0003015550353344824, 0.00028105386021162445, 0.0003075923437419739], "qspr_acc": [0.0, 0.0, 0.0, 0.0, 0.0, 0.0, 0.0, 0.0, 0.0, 0.0, 0.0, 0.0, 0.0, 0.0, 0.0, 0.0, 0.0, 0.0, 0.0, 0.0, 0.0, 0.0, 0.0, 0.0, 0.0, 0.0, 0.0, 0.0, 0.0, 0.0], "val_qspr_acc": [0.0, 0.0, 0.0, 0.0, 0.0, 0.003048780487804878, 0.003048780487804878, 0.003048780487804878, 0.003048780487804878, 0.003048780487804878, 0.003048780487804878, 0.003048780487804878, 0.003048780487804878, 0.003048780487804878, 0.003048780487804878, 0.003048780487804878, 0.003048780487804878, 0.003048780487804878, 0.003048780487804878, 0.003048780487804878, 0.003048780487804878, 0.003048780487804878, 0.0, 0.003048780487804878, 0.003048780487804878, 0.003048780487804878, 0.003048780487804878, 0.0, 0.003048780487804878, 0.0], "val_cation_decoded_mean_mean_squared_error": [0.00013241831946443863, 7.408820274244268e-05, 5.642226663595222e-05, 7.655426010964353e-05, 6.860977921904833e-05, 7.427603213727707e-05, 0.0001913696518907428, 0.0006589840529003839, 0.0002589524851800445, 0.0001212089556558079, 7.272336784515896e-05, 4.797647754836506e-05, 0.0001199548543203347, 5.951047985047076e-05, 4.07469576611029e-05, 3.617828646775249e-05, 3.220694660760606e-05, 3.3790696525488714e-05, 3.951545364639226e-05, 4.647149973982184e-05, 7.029332394866775e-05, 8.468963109118161e-05, 0.0064694450645730265, 0.002962678006464025, 0.001972154677254943, 0.0015173701416110483, 0.0014735436742761877, 0.00113436215835419, 0.0008197394955659103, 0.0007630900533801717], "val_qspr_mean_squared_error": [1.0385260727347396, 0.6832754597431276, 0.6088230260988561, 0.49489859400725944, 0.4702686623829167, 0.5174066351681221, 0.43127050487006585, 0.4522842314185166, 0.43711337374477854, 0.38680449491593893, 0.33337531729442316, 0.35922360710981416, 0.3780550113538416, 0.36647298568632547, 0.33935291592667743, 0.3442653519351308, 0.3113960958108669, 0.2862582860923395, 0.3789064055535851, 0.40840741337799447, 0.3343900442123413, 0.3856534885197151, 0.8816643757064168, 0.4340740078833045, 0.4726200801570241, 0.4222273492231602, 0.3398306253479748, 0.36431897849571415, 0.34961383807949903, 0.3462850000800156], "anion_decoded_mean_acc": [0.95494372085136, 0.9695905662464182, 0.9709469558182875, 0.9680208728126689, 0.9602161449834669, 0.928805829125285, 0.9639680995986437, 0.9728885654192045, 0.9732331346762144, 0.97462780946956, 0.975475557701755, 0.9758146589349673, 0.9768428912442513, 0.9762740802991265, 0.975869352431894, 0.9758255959527296, 0.9756068251989137, 0.9768921129984062, 0.9750434866433387, 0.8646889587869965, 0.9033516006131785, 0.9456075885288592, 0.9559172618668053, 0.9637055757612485, 0.9666808863420251, 0.9679114825849252, 0.9694046086479179, 0.970060924143256, 0.970657082160233, 0.9701484345144723], "val_cation_decoded_mean_acc": [0.9970495642685309, 0.9982297304199963, 0.9987214774620242, 0.9981805638569158, 0.9984264315628424, 0.9981313914787479, 0.9956235245960515, 0.9847560888383446, 0.994345007873163, 0.9967053518062685, 0.998180569672003, 0.9989673509830381, 0.9972954377895449, 0.9986231327056885, 0.9990165175461188, 0.9992132128738775, 0.9993115634453006, 0.9993115634453006, 0.9990656899242867, 0.9988198105881854, 0.9984264257477551, 0.9978363513946533, 0.8378737132723738, 0.9259933116959362, 0.9485149499846668, 0.9616935442133647, 0.962185272356359, 0.9708890595087191, 0.978953572308145, 0.9809205284932765],