{"val_loss": [2.897572907409668], "val_acc": [0.42052152322769165], "loss": [3.03040564517551], "acc": [0.37740156612078346]}