{"val_loss": [7.017984891549135], "val_decoded_mean_loss": [6.155792627579126], "val_qspr_loss": [0.8621923724810282], "val_decoded_mean_acc": [0.6830280927511362], "val_decoded_mean_mean_squared_error": [0.01193784244167499], "val_qspr_acc": [0.0], "val_qspr_mean_squared_error": [0.8621923724810282], "loss": [11.638431619916643], "decoded_mean_loss": [10.655222584860665], "qspr_loss": [0.9832091454097203], "decoded_mean_acc": [0.5622857161930629], "decoded_mean_mean_squared_error": [0.020271218344569207], "qspr_acc": [0.0], "qspr_mean_squared_error": [0.9832091454097203]}