{"val_loss": [3.936796766646365, 3.1739411320246704, 2.7969693968482052, 2.4726249715115163, 2.2380537750027703, 2.2435594737952482, 1.972133401437854, 2.118966423027904, 1.8987331458017336, 1.982379228510755], "val_decoded_mean_loss": [3.6006256840753217, 3.0331632025698396, 2.674228426412488, 2.3976376614672072, 2.1716369136850884, 2.111856777617272, 1.8894770804871903, 1.8885777554613479, 1.7770871667997212, 1.8640682485932154], "val_qspr_loss": [0.3361710595323684, 0.14077790356274192, 0.12274097772777504, 0.07498731400738372, 0.06641688160862483, 0.1317026879347808, 0.08265632126770966, 0.23038866756655646, 0.12164597308382075, 0.11831098921755527], "val_decoded_mean_acc": [0.7497298244043444, 0.7921479196413189, 0.8126477548416625, 0.8316447126104477, 0.8532083693971025, 0.850658562589199, 0.8702296521646756, 0.8685579156199246, 0.8784363341669664, 0.8703309724516902], "val_decoded_mean_mean_squared_error": [0.008124200835269182, 0.007076465537943315, 0.006463686859644685, 0.005896132201590436, 0.005317094854693463, 0.005322563488379861, 0.004698112384079301, 0.004719943721309727, 0.004424639460663741, 0.004681489585588376], "val_qspr_acc": [0.0, 0.0, 0.0, 0.0, 0.0, 0.0, 0.0, 0.0, 0.0, 0.0], "val_qspr_mean_squared_error": [0.3361710595323684, 0.14077790356274192, 0.12274097772777504, 0.07498731400738372, 0.06641688160862483, 0.1317026879347808, 0.08265632126770966, 0.23038866756655646, 0.12164597308382075, 0.11831098921755527], "loss": [10.529273330894759, 4.618391783345209, 4.215704503933636, 3.86608918583179, 3.6004111379096795, 3.31879502907763, 3.178013565273522, 3.1211944838494317, 3.085689412175915, 3.1987219117486267], "decoded_mean_loss": [5.341716821786095, 3.3579662051312855, 2.9129992361861103, 2.6022484133599755, 2.3961245481469633, 2.1851403936023233, 2.0441213441313852, 1.9882862170066782, 1.9989777480871314, 2.1253384912604525], "qspr_loss": [5.18755653771701, 1.2604255605219195, 1.302705260336646, 1.2638407735305117, 1.204286583928119, 1.1336546349165495, 1.1338922153781192, 1.1329082649606252, 1.08671166058332, 1.0733834191001048], "decoded_mean_acc": [0.6960068419061047, 0.7653312263273266, 0.7969682444617056, 0.8170947401933424, 0.8338210831879863, 0.849143384675526, 0.8591464812383394, 0.8621876383877045, 0.8609283214046425, 0.8494760724174593], "decoded_mean_mean_squared_error": [0.010227413666906037, 0.007672330127756595, 0.006848941157249032, 0.0063150883613671506, 0.005847655863024902, 0.005361969018006157, 0.005048346231986173, 0.004933966052304356, 0.004948260713198086, 0.005290022010885389], "qspr_acc": [0.0, 0.0, 0.0, 0.0, 0.0, 0.0, 0.0, 0.0, 0.0, 0.0], "qspr_mean_squared_error": [5.18755653771701, 1.2604255605219195, 1.302705260336646, 1.2638407735305117, 1.204286583928119, 1.1336546349165495, 1.1338922153781192, 1.1329082649606252, 1.08671166058332, 1.0733834191001048]}