{"decoded_cation_mean_loss": [2.1034986623878478, 2.158464800418854, 2.1118039061126708, 2.1051079422225953, 2.0993248055305482, 2.095092992580414, 2.1271383398399353, 2.108934523460388, 2.1386072423286437, 2.111319612773895], "decoded_anion_mean_acc": [0.7184068870353699, 0.7150608387842179, 0.7167233870162963, 0.7171746130523682, 0.7173632257919311, 0.7173885646171569, 0.715610645105362, 0.7165917742176056, 0.7127731290588379, 0.7150269680061341], "decoded_anion_mean_loss": [2.09584586315918, 2.128224339252472, 2.105969185935974, 2.1019154653701784, 2.1005973757476806, 2.0996364802207945, 2.1264093574752807, 2.1168873056259154, 2.147003508705139, 2.123563346511841], "decoded_cation_mean_acc": [0.7168482740917206, 0.7126673065576553, 0.7159993871612549, 0.7170526290645599, 0.718169241930008, 0.7187546290416718, 0.715806370923996, 0.717559516134262, 0.7144775805873871, 0.7164743063354492], "loss": [4.199344525398255, 4.286689140296936, 4.217773092025757, 4.20702340826416, 4.199922181549073, 4.194729472946167, 4.253547697219848, 4.225821829315185, 4.285610751411438, 4.234882958442688]}