{"loss": [9.818528344608344], "val_anion_decoded_mean_mean_squared_error": [0.002027718387758252], "cation_decoded_mean_mean_squared_error": [0.004398010180781063], "val_cation_decoded_mean_loss": [1.4808103092785538], "val_cation_decoded_mean_mean_squared_error": [0.0033101883112056844], "val_loss": [2.633568100545598], "qspr_acc": [0.0], "val_cation_decoded_mean_acc": [0.9187059717616816], "val_qspr_mean_squared_error": [0.2310008406639099], "anion_decoded_mean_mean_squared_error": [0.002207704020229677], "val_anion_decoded_mean_acc": [0.9419725578406761], "qspr_loss": [7.183016816533793], "val_qspr_acc": [0.0], "anion_decoded_mean_loss": [0.9450867606428104], "qspr_mean_squared_error": [7.183016816533793], "val_qspr_loss": [0.2310008406639099], "cation_decoded_mean_loss": [1.6904247075985797], "cation_decoded_mean_acc": [0.8839018851042556], "anion_decoded_mean_acc": [0.9423477265019767], "val_anion_decoded_mean_loss": [0.921756956769132]}