{"loss": [1.3859164646693638], "val_anion_decoded_mean_mean_squared_error": [0.0032478923169084084], "cation_decoded_mean_mean_squared_error": [1.723998538669288e-05], "val_cation_decoded_mean_loss": [0.005313474028251874], "val_cation_decoded_mean_mean_squared_error": [5.317060547382332e-06], "val_loss": [2.149647798293676], "qspr_acc": [0.0], "val_cation_decoded_mean_acc": [1.0], "val_qspr_mean_squared_error": [0.9457940413401678], "anion_decoded_mean_mean_squared_error": [0.0010997634405690146], "val_anion_decoded_mean_acc": [0.893300229158157], "qspr_loss": [1.0098025131225585], "val_qspr_acc": [0.0], "anion_decoded_mean_loss": [0.36783236724989754], "qspr_mean_squared_error": [1.0098025131225585], "val_qspr_loss": [0.9457940413401678], "cation_decoded_mean_loss": [0.008281601795128414], "cation_decoded_mean_acc": [0.9996774155753], "anion_decoded_mean_acc": [0.9711520797865731], "val_anion_decoded_mean_loss": [1.1985403421597602]}