{"decoded_cation_mean_loss": [1.1788591832017745, 1.005751273350213, 0.9461333586004215, 0.8784200466478975, 0.8315218237642282, 0.789202296543426, 0.7486966255754709, 0.7186788201712953, 0.6932871657819413, 0.6618201968007195], "decoded_anion_mean_loss": [0.6732929713619403, 0.162880616047131, 0.13694463947329658, 0.11497631887087045, 0.1010471575604841, 0.09136244129068173, 0.08652000158739546, 0.08656525513329826, 0.08260185917059834, 0.07783190462345513], "val_qspr_loss": [0.5012713800901654, 0.23743452422920314, 0.21282293570452723, 0.07948203778814995, 0.11425747251373598, 0.08690581016841976, 0.0743530605031156, 0.21144818985599212, 0.0889500898533854, 0.1146944276560312], "val_decoded_anion_mean_loss": [0.18547109625805383, 0.13138490487104174, 0.11175277418103712, 0.10958794153284752, 0.10170201717436998, 0.09748562930644243, 0.09694112974336777, 0.09925069531490063, 0.09405079158558242, 0.09278319399247224], "val_qspr_mean_squared_error": [0.5012713800901654, 0.23743452422920314, 0.21282293570452723, 0.07948203778814995, 0.11425747251373598, 0.08690581016841976, 0.0743530605031156, 0.21144818985599212, 0.0889500898533854, 0.1146944276560312], "val_decoded_anion_mean_acc": [0.9830367078726319, 0.9837782609051672, 0.9856321756867157, 0.9854467901690253, 0.9871153084711096, 0.986559134790267, 0.9869299058256478, 0.987115311896664, 0.9870226047504908, 0.9877641769661301], "val_decoded_cation_mean_acc": [0.876714874273059, 0.8986837233620129, 0.9087875382653599, 0.9175009350667055, 0.925009271194195, 0.9317760446975971, 0.9332591822777672, 0.9374304756350901, 0.9421579570605837, 0.945402302276129], "decoded_cation_mean_acc": [0.8471915879188635, 0.8792744484191505, 0.8931464514031577, 0.9040296856968547, 0.9120890421608385, 0.9187261681968031, 0.924209002222116, 0.9269607340185025, 0.9301762338644399, 0.9339276497737288], "loss": [10.06631097641235, 2.572839613235035, 2.1441346618695, 1.9738420375238974, 1.8010150309187916, 1.7480532661413613, 1.7180448030892272, 1.712750773003307, 1.6416441384214944, 1.6115313453796192], "val_decoded_anion_mean_mean_squared_error": [0.0005189809819747662, 0.0003525180924127157, 0.0002686634195443971, 0.0002701071301079088, 0.00022949802223592997, 0.00021613431671612906, 0.00021485068926309375, 0.00022428578111054055, 0.00020478467320509511, 0.00019456462964051585], "qspr_acc": [0.0, 0.0, 0.0, 0.0, 0.0, 0.0, 0.0, 0.0, 0.0, 0.0], "val_qspr_acc": [0.0, 0.0, 0.0, 0.0, 0.0, 0.0, 0.0, 0.0, 0.0, 0.0], "qspr_loss": [8.214158816611805, 1.4042077385198575, 1.0610566699847626, 0.9804456997984133, 0.868446046285355, 0.8674885250889836, 0.8828281672617879, 0.9075066943519031, 0.8657551100078863, 0.871879241679804], "val_decoded_cation_mean_mean_squared_error": [0.004358281932728386, 0.0039023968803257435, 0.003580786804293935, 0.0033075553659435318, 0.0030880604854560106, 0.0028609721734049335, 0.002735271581566368, 0.0025890873686207094, 0.0024984995673956543, 0.0022968545224217847], "val_loss": [1.683754923699916, 1.2727883821246269, 1.1584326357677066, 0.9697735295898613, 0.9516992253818731, 0.877033551534017, 0.836562225188332, 0.9482710936973835, 0.8003836376913662, 0.7836465143609321], "qspr_mean_squared_error": [8.214158816611805, 1.4042077385198575, 1.0610566699847626, 0.9804456997984133, 0.868446046285355, 0.8674885250889836, 0.8828281672617879, 0.9075066943519031, 0.8657551100078863, 0.871879241679804], "decoded_anion_mean_acc": [0.9286818504333496, 0.9799443473069431, 0.9809955659765786, 0.98293311218865, 0.9839843318485223, 0.9851592270710978, 0.9853653486925192, 0.985705455423544, 0.9866226929445236, 0.9865917773673328], "decoded_cation_mean_mean_squared_error": [0.005158514267922685, 0.004368712325482227, 0.004081385340630865, 0.0037513409596912494, 0.003520135354613677, 0.0033071965089264198, 0.0031088834100316603, 0.002965999945266226, 0.002848000946892098, 0.0027008423880754283], "val_decoded_cation_mean_loss": [0.9970124781816855, 0.9039689405211087, 0.8338569286225856, 0.7807035425613666, 0.7357397230192163, 0.6926421406625332, 0.6652680334003492, 0.6375722247978737, 0.6173827778333905, 0.5761688995635372], "decoded_anion_mean_mean_squared_error": [0.0026570471151681325, 0.0005060047595226131, 0.0004289903718726739, 0.00035110077433535064, 0.0003028756185522535, 0.0002608651079768583, 0.00024469882124676385, 0.00024446361641862247, 0.00022766131541532533, 0.0002054763148529842]}