{"val_loss": [10.862778663635254], "val_decoded_mean_loss": [9.539518356323242], "val_qspr_loss": [1.3232604265213013], "val_decoded_mean_acc": [0.6692063212394714], "val_decoded_mean_mean_squared_error": [0.019567696377635002], "val_qspr_acc": [0.0], "val_qspr_mean_squared_error": [1.3232604265213013], "loss": [17.190497756900644], "decoded_mean_loss": [14.25768628514799], "qspr_loss": [2.932811251260284], "decoded_mean_acc": [0.34307196422627095], "decoded_mean_mean_squared_error": [0.02647781961674529], "qspr_acc": [0.0], "qspr_mean_squared_error": [2.932811251260284]}