{"val_loss": [12.716309547424316, 8.629837989807129, 7.5701823234558105, 6.880531311035156, 6.385758876800537, 6.018636226654053, 5.745127201080322, 5.526137351989746, 5.40435266494751, 5.18804407119751], "val_decoded_mean_loss": [11.2747802734375, 7.878091335296631, 7.018208026885986, 6.574592113494873, 6.228549480438232, 5.974375247955322, 5.693281173706055, 5.48436164855957, 5.3523945808410645, 5.134470462799072], "val_qspr_loss": [1.441529631614685, 0.7517465353012085, 0.5519744753837585, 0.30593934655189514, 0.1572093963623047, 0.04426097124814987, 0.05184590443968773, 0.041775669902563095, 0.05195815488696098, 0.053573478013277054], "val_decoded_mean_acc": [0.42349207401275635, 0.686984121799469, 0.6857143044471741, 0.6977777481079102, 0.6977777481079102, 0.6984127163887024, 0.700952410697937, 0.7079365253448486, 0.7111111283302307, 0.7219047546386719], "val_decoded_mean_mean_squared_error": [0.019724417477846146, 0.014113017357885838, 0.011815190315246582, 0.011274032294750214, 0.01085659209638834, 0.010594350285828114, 0.010294755920767784, 0.010111660696566105, 0.009985974989831448, 0.009680073708295822], "val_qspr_acc": [0.0, 0.0, 0.0, 0.0, 0.0, 0.0, 0.0, 0.0, 0.0, 0.0], "val_qspr_mean_squared_error": [1.441529631614685, 0.7517465353012085, 0.5519744753837585, 0.30593934655189514, 0.1572093963623047, 0.04426097124814987, 0.05184590443968773, 0.041775669902563095, 0.05195815488696098, 0.053573478013277054], "loss": [16.583639890627754, 10.660299867615663, 8.405224075891022, 7.507680010974855, 6.736757364488186, 6.177617503288097, 5.920876101443642, 5.612049267704325, 5.3243798922775385, 5.165909516183953], "decoded_mean_loss": [13.669320536735363, 9.612501126482972, 7.428451140124099, 6.872061958886627, 6.320437574745121, 5.963111436456666, 5.673948101531294, 5.3988998169289495, 5.1544807979038785, 4.985126688964385], "qspr_loss": [2.9143193072842477, 1.047798790877923, 0.9767729787898243, 0.6356180014466881, 0.4163197234160918, 0.2145060798839519, 0.24692796730905547, 0.21314944226042667, 0.16989921268663907, 0.1807827785947269], "decoded_mean_acc": [0.3697815976644817, 0.4909416419222839, 0.645399200288873, 0.6516290566975013, 0.6659505878176007, 0.6577873346500827, 0.6632295008888818, 0.6648764708884677, 0.6736842053277152, 0.6771213591546941], "decoded_mean_mean_squared_error": [0.02063319945525854, 0.017107132283088407, 0.013095241432127199, 0.01206761267372316, 0.011445260935820135, 0.011146113059406442, 0.01085131789760706, 0.010539172854470579, 0.010242843804390807, 0.010060116879754048], "qspr_acc": [0.0, 0.0, 0.0, 0.0, 0.0, 0.0, 0.0, 0.0, 0.0, 0.0], "qspr_mean_squared_error": [2.9143193072842477, 1.047798790877923, 0.9767729787898243, 0.6356180014466881, 0.4163197234160918, 0.2145060798839519, 0.24692796730905547, 0.21314944226042667, 0.16989921268663907, 0.1807827785947269]}