{"val_cation_decoded_mean_acc": [0.9114047081757944, 0.9150366051822689, 0.9102036103289178, 0.8942461694385988, 0.9190688543285884, 0.9150366060277249, 0.916123315374902, 0.9215568553471396, 0.9102894088900682, 0.9059139790264428, 0.9191546537351947, 0.9169240517819182, 0.912348432321075, 0.9150937952048389, 0.9222145921795081, 0.9168668490775088, 0.9152653821816681, 0.9279341084737305, 0.9061141643963807, 0.9123770332505517, 0.9092598997109326, 0.9309082576569091, 0.9232155038109908, 0.9319663703018892, 0.9410318022078656, 0.933253250646253, 0.9429192428893232, 0.9373427126424533, 0.9309654595158624, 0.9378288675707283], "anion_decoded_mean_loss": [0.9487838734177317, 0.800926620282199, 0.8921004409429611, 0.7589051695365936, 0.7916573450742729, 0.7357447209597245, 0.8625242051721583, 0.7418086765338053, 0.7208007311642182, 0.7888266133066933, 0.8185594726389909, 0.7328331570477558, 0.953204367342893, 0.8425875430349912, 0.8840748468917198, 0.7883681681985707, 0.7725074618837173, 0.740032164013454, 0.7572143374991318, 0.7879156745560004, 0.8245833722919738, 0.71568466960878, 0.7281947601752001, 0.779455009286917, 0.7646495558134734, 0.8742368602649169, 0.7578499743588841, 0.734370379410765, 0.7223101586473983, 0.738052189773607], "val_cation_decoded_mean_loss": [1.5264849070961595, 1.4828628056438258, 1.5125716654121453, 1.6379129717536007, 1.4384321236441322, 1.4417742592223146, 1.4328739643096924, 1.366062582807338, 1.4346056643952714, 1.4801286467423675, 1.37336358618229, 1.407654530613135, 1.4594805747904676, 1.407845971432138, 1.3428231748283332, 1.400604750247712, 1.4157230245306136, 1.2964347524845854, 1.4839912517696408, 1.4205253656874313, 1.484974298071354, 1.2807663332485983, 1.3321254895933976, 0.9458469038314008, 0.8715260629112839, 0.9370837215836166, 0.833979438805411, 0.8849477218397965, 0.9535915661365428, 0.9079397443338488], "val_qspr_loss": [0.09473782360342377, 0.18968020168179317, 0.13581766135303686, 0.2956457831335406, 0.14288015790442202, 0.20547888718598278, 0.22562024176966214, 0.1988694576929647, 0.053288247674069505, 0.09949941822188965, 0.13002405643251772, 0.04075748978037361, 0.07380519204951347, 0.1133454774922513, 0.17741849046226935, 0.1676871138261565, 0.22060530500631806, 0.09690833625429911, 0.20799511618225286, 0.052112886034850536, 0.1300737499556643, 0.16307057746758696, 0.05898974569025615, 0.025497848035912988, 0.0648507703597664, 0.08854647213262869, 0.12098633999942887, 0.04259660620744347, 0.0315949927672004, 0.06708194405263197], "val_anion_decoded_mean_acc": [0.9540436986490344, 0.9603637549894076, 0.9589910769293494, 0.9579043675821723, 0.9592198632287641, 0.9563601000089172, 0.9520990628722712, 0.9625085820543006, 0.9594486410736193, 0.9213566649044659, 0.9585621137145564, 0.9420613198415607, 0.9443777186650757, 0.9575326045354208, 0.9500400381730804, 0.9598490084316713, 0.9572466282134361, 0.9609643136355894, 0.9587051014528207, 0.9585907129531211, 0.9594200469077901, 0.9611644990055274, 0.9579615728229496, 0.9575897979398146, 0.9520418601678619, 0.9541866880782107, 0.952327846635318, 0.9585049220010744, 0.960163579764941, 0.9594772310121685], "anion_decoded_mean_mean_squared_error": [0.002270947787811447, 0.0016219243001047972, 0.001988398562905417, 0.0014592540038770529, 0.001621926728652017, 0.0013665052358089013, 0.0018910800549969038, 0.0013753695063833725, 0.001298689935053106, 0.0015999028131197413, 0.001729990998102903, 0.0013529849580564642, 0.0022153174975169747, 0.0018242012692101849, 0.001998353718175458, 0.0015726684132608903, 0.001495078453413285, 0.0013797221279954705, 0.0014568053029294897, 0.0015871178768027464, 0.0017147744599217338, 0.0012681775517119872, 0.0013259285401541153, 0.0015173345574094907, 0.0014823842438506539, 0.0019044460457105807, 0.0014492907028658879, 0.0013525329293318877, 0.0013076873096268538, 0.001359347044527038], "val_qspr_acc": [0.0, 0.0, 0.0, 0.0, 0.0, 0.0, 0.0, 0.0, 0.0, 0.0, 0.0, 0.0, 0.0, 0.0, 0.0, 0.0, 0.0, 0.0, 0.0, 0.0, 0.0, 0.0, 0.0, 0.0, 0.0, 0.0, 0.0, 0.0, 0.0, 0.0], "cation_decoded_mean_loss": [1.6173630216687724, 1.5765875138920253, 1.5170969949663569, 1.478962047061954, 1.4476277111125742, 1.4221837106531179, 1.3844575606461504, 1.3688248463676411, 1.4041693550561198, 1.3970139251791422, 1.3477468327561237, 1.3518128690809947, 1.4340149110323912, 1.3582530563485111, 1.3495165760850727, 1.3240392957186355, 1.3160691925917996, 1.3007441610891908, 1.415544888642452, 1.3736518704964138, 1.3294785626663455, 1.3171514818977506, 1.3095685696493646, 0.9733475128150866, 0.8933773605998084, 0.9140015811239777, 0.8748846313340296, 0.9283980517808987, 0.8618375096585545, 0.867764789852984], "qspr_acc": [0.0, 0.0, 0.0, 0.0, 0.0, 0.0, 0.0, 0.0, 0.0, 0.0, 0.0, 0.0, 0.0, 0.0, 0.0, 0.0, 0.0, 0.0, 0.0, 0.0, 0.0, 0.0, 0.0, 0.0, 0.0, 0.0, 0.0, 0.0, 0.0, 0.0], "loss": [6.658218242064815, 3.620148737519503, 3.6750870199864116, 3.513717349332678, 3.4204972482466336, 3.3874418975475487, 3.3853507718085676, 3.2648257369799376, 3.268516508813485, 3.301150343228497, 3.2292937773182615, 3.120578220993051, 3.436953543205103, 3.2467115867389644, 3.2268284390564146, 3.092825233665754, 3.070615436472271, 3.0028474256087505, 3.064638222042616, 3.040497532158131, 3.035579057941546, 2.8861031507819934, 2.826867648123377, 2.5540187987957523, 2.427385866512602, 2.529185167355535, 2.369095174335083, 2.384739166607583, 2.2415373193598933, 2.2568816161847383], "val_qspr_mean_squared_error": [0.09473782360342377, 0.18968020168179317, 0.13581766135303686, 0.2956457831335406, 0.14288015790442202, 0.20547888718598278, 0.22562024176966214, 0.1988694576929647, 0.053288247674069505, 0.09949941822188965, 0.13002405643251772, 0.04075748978037361, 0.07380519204951347, 0.1133454774922513, 0.17741849046226935, 0.1676871138261565, 0.22060530500631806, 0.09690833625429911, 0.20799511618225286, 0.052112886034850536, 0.1300737499556643, 0.16307057746758696, 0.05898974569025615, 0.025497848035912988, 0.0648507703597664, 0.08854647213262869, 0.12098633999942887, 0.04259660620744347, 0.0315949927672004, 0.06708194405263197], "val_cation_decoded_mean_mean_squared_error": [0.0034308690075755964, 0.003216887221519723, 0.003386057378288279, 0.004045483083233026, 0.003036331330881791, 0.0032344999234357203, 0.0031992703319547026, 0.00293419824695175, 0.0032689356598474668, 0.003495733134765574, 0.002973157981846561, 0.0031042366390981783, 0.003329064797755357, 0.0031494198066466454, 0.002847255025957282, 0.0031242091093106683, 0.0031807016158568943, 0.002640468957635792, 0.003472756878439839, 0.0031937892921929454, 0.0033867293489925196, 0.002525834096694722, 0.002799663002477259, 0.002561983722592341, 0.0022121720686422808, 0.002508755666798258, 0.0020581842102903, 0.0022913905988440762, 0.002586323378198113, 0.0023765348728600863], "qspr_loss": [4.092071347107708, 1.2426346072977479, 1.2658896080507007, 1.2758501382511185, 1.1812121870486205, 1.2295134715810903, 1.1383690036023089, 1.1541922282532684, 1.1435464249810972, 1.1153098076246701, 1.0629874778812587, 1.035932194370242, 1.0497342688411044, 1.0458709730512883, 0.9932370102450249, 0.9804177617142134, 0.982038787396109, 0.9620710993180125, 0.8918789975949474, 0.878929994998892, 0.8815171165251746, 0.8532670009811414, 0.7891043313207865, 0.8012162732353384, 0.7693589498993441, 0.7409467328128811, 0.7363605681951638, 0.7219707208058997, 0.6573896595823334, 0.651064638934334],