{"loss": [4.980438065553124], "val_anion_decoded_mean_mean_squared_error": [0.0019504293180411544], "cation_decoded_mean_mean_squared_error": [0.004880160732032455], "val_cation_decoded_mean_loss": [1.7765142423350637], "val_cation_decoded_mean_mean_squared_error": [0.004774980088014428], "val_loss": [4.2415555395731115], "qspr_acc": [0.0], "val_cation_decoded_mean_acc": [0.8736231297981448], "val_qspr_mean_squared_error": [1.5656830741137993], "anion_decoded_mean_mean_squared_error": [0.0026362840761738476], "val_anion_decoded_mean_acc": [0.9402045578491397], "qspr_loss": [2.1131292459883095], "val_qspr_acc": [0.0], "anion_decoded_mean_loss": [1.0579226443063368], "qspr_mean_squared_error": [2.1131292459883095], "val_qspr_loss": [1.5656830741137993], "cation_decoded_mean_loss": [1.809386174086192], "cation_decoded_mean_acc": [0.8697754284534345], "anion_decoded_mean_acc": [0.9230849179990335], "val_anion_decoded_mean_loss": [0.8993581795110935]}