{"decoded_cation_mean_loss": [1.327448184149606, 1.2564323268617903, 1.2277114977155412, 1.2021834904806954, 1.1740764992577688, 1.161307838984898, 1.1526685973576136, 1.1425915711266654, 1.130666458266122, 1.1410572256360736], "decoded_anion_mean_loss": [1.1857271381786891, 0.3755039140156337, 0.2383629139832088, 0.1849342499460493, 0.14624263882637023, 0.12730758684022087, 0.1120879409142903, 0.10510052961962564, 0.10579735057694571, 0.10658766533647265], "val_qspr_loss": [0.9027792505728893, 0.9056728787911243, 0.9153156081835429, 0.9242988763711392, 0.9333065564815815, 0.9519024674709027, 0.9425573853346018, 0.9287098508614761, 0.9300801616448623, 0.9338207137890351], "val_decoded_anion_mean_loss": [0.8683854035842113, 0.6153921026449937, 0.4277224158629393, 0.3389981408149768, 0.35789828422742015, 0.3138849444878407, 0.32158089753908986, 0.28982222309479344, 0.2654629021118849, 0.29595827903503025], "val_qspr_mean_squared_error": [0.9027792505728893, 0.9056728787911243, 0.9153156081835429, 0.9242988763711392, 0.9333065564815815, 0.9519024674709027, 0.9425573853346018, 0.9287098508614761, 0.9300801616448623, 0.9338207137890351], "val_decoded_anion_mean_acc": [0.8875103470606681, 0.9164598691157806, 0.9280396898587545, 0.9338296055793762, 0.9371381126917325, 0.9408602026792673, 0.9387924029276922, 0.9404466228607373, 0.9408602179625095, 0.9392059659346556], "val_decoded_cation_mean_acc": [0.8151364815540802, 0.8225806615291498, 0.8296112402891501, 0.832092651954064, 0.8345740131842785, 0.840777487326891, 0.8399503934077728, 0.8449131510196588, 0.8457402556370466, 0.8457402938451523], "decoded_cation_mean_acc": [0.8244700496537345, 0.8335944744518825, 0.8391705128124782, 0.8432257948602949, 0.8464516118594578, 0.8482949253490993, 0.8508294916152954, 0.8529493175234113, 0.8558064576557705, 0.8558525323867798], "loss": [3.53930953843253, 2.5094330719539095, 2.3456962762560165, 2.247040353502546, 2.1474299117497035, 2.1253374304090227, 2.091332039833069, 2.08598710332598, 2.0544484083993093, 2.0465414108548847], "val_decoded_anion_mean_mean_squared_error": [0.0034157556290618884, 0.002417489522112868, 0.001754696331679439, 0.0014758780509090195, 0.0014640705313724584, 0.0013251226299848312, 0.0013105199517061312, 0.0011794734268616408, 0.0010831286945642952, 0.0012566191681589072], "qspr_acc": [0.0, 0.0, 0.0, 0.0, 0.0, 0.0, 0.0, 0.0, 0.0, 0.0], "val_qspr_acc": [0.0, 0.0, 0.0, 0.0, 0.0, 0.0, 0.0, 0.0, 0.0, 0.0], "qspr_loss": [1.0261341997555324, 0.8774968777384077, 0.8796218756267002, 0.8599225967270987, 0.8271107939311436, 0.8367220289366586, 0.8265754904065813, 0.8382950118609838, 0.8179845905303955, 0.7988965450014387], "val_decoded_cation_mean_mean_squared_error": [0.005818822803214574, 0.00561282036300653, 0.0055286453989071725, 0.005393285901309588, 0.0053398596504941965, 0.005308254956243894, 0.005376427350804592, 0.005256679518005023, 0.005244374967729434, 0.005186942023917651], "val_loss": [3.0670353265909047, 2.7667784568590994, 2.568396984002529, 2.4611649880042443, 2.4790059419778676, 2.4486482999263663, 2.466195876781757, 2.393520269638453, 2.363549898832272, 2.3831657201815872], "qspr_mean_squared_error": [1.0261341997555324, 0.8774968777384077, 0.8796218756267002, 0.8599225967270987, 0.8271107939311436, 0.8367220289366586, 0.8265754904065813, 0.8382950118609838, 0.8179845905303955, 0.7988965450014387], "decoded_anion_mean_acc": [0.8739631373541695, 0.9589400976044791, 0.9751152110099792, 0.9790322525160653, 0.9841935501779828, 0.9869124334199088, 0.9878801785196577, 0.987926265512194, 0.987419353553227, 0.9881105930464609], "decoded_cation_mean_mean_squared_error": [0.005804000967847449, 0.005512687635741064, 0.005397443167333092, 0.0052812940627336505, 0.005141938427197082, 0.005091498448912587, 0.005054714788815805, 0.005017707448984896, 0.00495617804516639, 0.00498371830742274], "val_decoded_cation_mean_loss": [1.295870759548285, 1.245713594632271, 1.2253589079930232, 1.197867867274162, 1.187801223534804, 1.182860961327186, 1.2020576428144405, 1.1749882025596423, 1.168006915312547, 1.1533866326014202], "decoded_anion_mean_mean_squared_error": [0.004825208358732717, 0.0015763744259519237, 0.0009149632137268782, 0.0006961442370499884, 0.000525736505099173, 0.0004428629617073706, 0.00037974856394742214, 0.0003550637576596013, 0.0003687453416309186, 0.0003775327296794525]}