{"val_loss": [3.0179589247894287], "val_acc": [0.3253853331470489], "loss": [3.073311892361111], "acc": [0.32783144967185124]}