{"val_anion_decoded_mean_mean_squared_error": [0.0011223518981990453], "val_loss": [1.6428467411743968], "val_cation_decoded_mean_loss": [0.01066777448316938], "cation_decoded_mean_mean_squared_error": [7.967710856531596e-05], "anion_decoded_mean_mean_squared_error": [0.003501360562355368], "val_anion_decoded_mean_loss": [0.29546978442292465], "anion_decoded_mean_loss": [0.9942440633550068], "val_cation_decoded_mean_mean_squared_error": [1.583002314204706e-05], "val_cation_decoded_mean_acc": [0.9995755647358141], "val_qspr_acc": [1.0], "anion_decoded_mean_acc": [0.9206792128400719], "cation_decoded_mean_loss": [0.02738997854751226], "val_anion_decoded_mean_acc": [0.9825976020411441], "val_qspr_mean_squared_error": [1.3367091950617338], "qspr_acc": [0.906158357771261], "loss": [14.241239177866065], "qspr_mean_squared_error": [13.219604955041163], "cation_decoded_mean_acc": [0.9982499204073484], "qspr_loss": [13.219604955041163], "val_qspr_loss": [1.3367091950617338]}