{"loss": [3.9505650152478897], "val_anion_decoded_mean_mean_squared_error": [0.0020075710729146614], "cation_decoded_mean_mean_squared_error": [0.0057008247849132335], "val_cation_decoded_mean_loss": [1.8335937169881968], "val_cation_decoded_mean_mean_squared_error": [0.00539523433559598], "val_loss": [3.591587029970609], "qspr_acc": [0.0], "val_cation_decoded_mean_acc": [0.8440860418172983], "val_qspr_mean_squared_error": [0.9077936731852018], "anion_decoded_mean_mean_squared_error": [0.0026741008686700036], "val_anion_decoded_mean_acc": [0.9354838530222574], "qspr_loss": [0.9949711203575134], "val_qspr_acc": [0.0], "anion_decoded_mean_loss": [1.008620308807918], "qspr_mean_squared_error": [0.9949711203575134], "val_qspr_loss": [0.9077936731852018], "cation_decoded_mean_loss": [1.9469735649653843], "cation_decoded_mean_acc": [0.8325806409972054], "anion_decoded_mean_acc": [0.9327188876696996], "val_anion_decoded_mean_loss": [0.8501996994018555]}