{"val_loss": [4.455144882202148], "val_cation_decoded_mean_loss": [0.15866294503211975], "val_anion_decoded_mean_loss": [0.28124767541885376], "val_qspr_loss": [4.015234470367432], "val_cation_decoded_mean_acc": [0.9860215187072754], "val_cation_decoded_mean_mean_squared_error": [0.0006182085489854217], "val_anion_decoded_mean_acc": [0.9290322661399841], "val_anion_decoded_mean_mean_squared_error": [0.001283898833207786], "val_qspr_acc": [0.0], "val_qspr_mean_squared_error": [4.015234470367432], "loss": [6.5298353819022505], "cation_decoded_mean_loss": [0.16569721791193], "anion_decoded_mean_loss": [0.21035467866892205], "qspr_loss": [6.153783518568914], "cation_decoded_mean_acc": [0.9886005516339066], "cation_decoded_mean_mean_squared_error": [0.0005161719041884373], "anion_decoded_mean_acc": [0.9603444077914819], "anion_decoded_mean_mean_squared_error": [0.000871318677585586], "qspr_acc": [0.0], "qspr_mean_squared_error": [6.153783518568914]}