{"qspr_mean_squared_error": [2.798773117083356, 0.6834876492507476, 0.3359338979523881, 0.37009181071044805, 0.20114149052397648, 0.27858309901522516, 0.2448055302738247, 0.15798067531191318, 0.1738464395354565, 0.17126604018354774, 0.1561285770477209, 0.1835727582412555, 0.18131082196881002, 0.13572390041405097, 0.17415418839992436, 0.1342924356012416, 0.12164717218033354, 0.13202432716699472, 0.12380158593107883, 0.12199592164584569, 0.11424027786667186, 0.09755531160679079, 0.14458949146862315, 0.11858050945333969, 0.11295440652988907, 0.13842224426343477, 0.10459236447748385, 0.12912996314970174, 0.10470404179024517, 0.11760192641750314, 0.09977276992977113, 0.12073726145396556, 0.12830715620876254, 0.1055832445285374, 0.1316526991532261, 0.10397854763874434, 0.10931897950463725, 0.08933831689725245, 0.111024424545747, 0.09721710566515313, 0.09853517841127582, 0.1291875586025697, 0.08433705080944792, 0.1114054737066416, 0.10056915554337036, 0.10169253064165439, 0.1697596591666229, 0.12331593766304336, 0.09803021906461931, 0.10082156250351354], "cation_decoded_mean_mean_squared_error": [7.812962538414159e-06, 0.00015203398658555933, 3.2320144710593184e-07, 1.4673400790698593e-05, 3.4813452151052896e-07, 1.8734881081760384e-07, 3.606157546344166e-08, 1.9117562507364403e-08, 5.309813959342826e-09, 5.706629768147047e-09, 3.5287037519217444e-09, 8.624057365416611e-08, 6.251402504763579e-07, 5.784395953110326e-06, 2.052328188590533e-08, 3.2684048295406974e-08, 4.1556151245793487e-08, 9.810286264213492e-09, 3.1134646548466307e-09, 1.058077778797084e-09, 6.196360116735179e-10, 4.859363370389666e-10, 2.762139461650595e-10, 2.501499947945607e-10, 3.6988932584412907e-10, 3.809185505398409e-10, 8.058346403486106e-09, 8.505318905312271e-10, 4.147120564667983e-10, 1.6537547344751656e-09, 3.9721272887413246e-10, 5.574402798433123e-10, 1.7580123823508797e-10, 2.6953863836741474e-10, 2.5735265613550576e-10, 2.37243439257941e-10, 2.532873859220526e-10, 2.0457606973054982e-10, 2.337274769611533e-10, 1.3551470132317696e-10, 1.110586687685244e-10, 3.46637427643316e-10, 6.163921267978912e-10, 4.142733189180007e-10, 5.198951674347423e-10, 3.821643258742355e-10, 7.862567793161777e-09, 5.388844859066238e-10, 8.788660061398779e-06, 8.60805898365723e-05], "val_qspr_loss": [0.5111477375030518, 0.23789766430854797, 0.28595200181007385, 0.2032119780778885, 0.17790789902210236, 0.12011881172657013, 0.10671794414520264, 0.06454984843730927, 0.05622201785445213, 0.058075837790966034, 0.06027313694357872, 0.06025495007634163, 0.04000752791762352, 0.038718245923519135, 0.026755647733807564, 0.027592193335294724, 0.03282114490866661, 0.03238032013177872, 0.030822498723864555, 0.020218761637806892, 0.025309914723038673, 0.03074275515973568, 0.03849741443991661, 0.030255867168307304, 0.022103214636445045, 0.0275594349950552, 0.035281721502542496, 0.01911257766187191, 0.02977859042584896, 0.017942549660801888, 0.016528833657503128, 0.01457285974174738, 0.021493950858712196, 0.019146926701068878, 0.02766251564025879, 0.016255151480436325, 0.016464048996567726, 0.023027019575238228, 0.024900037795305252, 0.012078153900802135, 0.013066894374787807, 0.022557107731699944, 0.043868184089660645, 0.023740017786622047, 0.03187930956482887, 0.0481613464653492, 0.050221920013427734, 0.018474530428647995, 0.015533932484686375, 0.02539396844804287], "anion_decoded_mean_loss": [0.5662248336562985, 0.34232867525932487, 0.6324054475565603, 0.45079814222522246, 0.30082030751203237, 0.22199081876000068, 0.18413772456403962, 0.1323514381577646, 0.11576160810943834, 0.10163421592766181, 0.09542679024818249, 0.09021068243940074, 0.08681161001436692, 0.08445155659788534, 0.08312789622442167, 0.08214769159492694, 0.08094319089182786, 0.08027068634790585, 0.0788006073466145, 0.07801325854502227, 0.07724191329645035, 0.07737622763681457, 0.07711761158407855, 0.07632745509701115, 0.07622235162617792, 0.07606467614440542, 0.07602403462773427, 0.07535418487833183, 0.07513482284669142, 0.07468179440391916, 0.0741026390946113, 0.07388494371023394, 0.0739279762610681, 0.07427472032298495, 0.07325299750817449, 0.07339331537092987, 0.07282414769095585, 0.07278030129023512, 0.07262368748118554, 0.07218407364772227, 0.07205278567157518, 0.07210420149105384, 0.07217381675412557, 0.0716738641766229, 0.07171732942132573, 0.07155220892588447, 0.07135573617721859, 0.07106145243755632, 0.07090314013421312, 0.07093534732055395], "val_anion_decoded_mean_loss": [0.9621856808662415, 1.0261363983154297, 0.7734712958335876, 0.547393262386322, 0.5058143138885498, 0.40612518787384033, 0.3420300781726837, 0.2961236238479614, 0.2722635269165039, 0.2576417028903961, 0.23047327995300293, 0.22523994743824005, 0.23034317791461945, 0.22209575772285461, 0.21143417060375214, 0.20688536763191223, 0.217271089553833, 0.21223272383213043, 0.21664467453956604, 0.20722678303718567, 0.20768193900585175, 0.21342496573925018, 0.2082328051328659, 0.20884758234024048, 0.2075384259223938, 0.20866261422634125, 0.20051036775112152, 0.2041022926568985, 0.20540206134319305, 0.2014351487159729, 0.20423051714897156, 0.20702221989631653, 0.19087053835391998, 0.2095576673746109, 0.20202909409999847, 0.2139873504638672, 0.21321909129619598, 0.2121221274137497, 0.21202100813388824, 0.21418818831443787, 0.21115800738334656, 0.2123395800590515, 0.20908330380916595, 0.21180540323257446, 0.21091747283935547, 0.19947007298469543, 0.20748066902160645, 0.21348561346530914, 0.19368073344230652, 0.20898564159870148], "val_qspr_mean_squared_error": [0.5111477375030518, 0.23789766430854797, 0.28595200181007385, 0.2032119780778885, 0.17790789902210236, 0.12011881172657013, 0.10671794414520264, 0.06454984843730927, 0.05622201785445213, 0.058075837790966034, 0.06027313694357872, 0.06025495007634163, 0.04000752791762352, 0.038718245923519135, 0.026755647733807564, 0.027592193335294724, 0.03282114490866661, 0.03238032013177872, 0.030822498723864555, 0.020218761637806892, 0.025309914723038673, 0.03074275515973568, 0.03849741443991661, 0.030255867168307304, 0.022103214636445045, 0.0275594349950552, 0.035281721502542496, 0.01911257766187191, 0.02977859042584896, 0.017942549660801888, 0.016528833657503128, 0.01457285974174738, 0.021493950858712196, 0.019146926701068878, 0.02766251564025879, 0.016255151480436325, 0.016464048996567726, 0.023027019575238228, 0.024900037795305252, 0.012078153900802135, 0.013066894374787807, 0.022557107731699944, 0.043868184089660645, 0.023740017786622047, 0.03187930956482887, 0.0481613464653492, 0.050221920013427734, 0.018474530428647995, 0.015533932484686375, 0.02539396844804287], "val_anion_decoded_mean_acc": [0.9053763151168823, 0.8548387289047241, 0.8881720304489136, 0.9032257795333862, 0.9064516425132751, 0.9204301238059998, 0.9236559271812439, 0.92580646276474, 0.926881730556488, 0.926881730556488, 0.9279569983482361, 0.9290322661399841, 0.9290322661399841, 0.9290322661399841, 0.9290322661399841, 0.9301075339317322, 0.9290322661399841, 0.9290322661399841, 0.9301075339317322, 0.9290322661399841, 0.9301075339317322, 0.9311828017234802, 0.9311828017234802, 0.9322580695152283, 0.9322580695152283, 0.9322580695152283, 0.9322580695152283, 0.9311828017234802, 0.9311828017234802, 0.9311828017234802, 0.9311828017234802, 0.9311828017234802, 0.9311828017234802, 0.9311828017234802, 0.9311828017234802, 0.9311828017234802, 0.9311828017234802, 0.9322580695152283, 0.9311828017234802, 0.9311828017234802, 0.9311828017234802, 0.9311828017234802, 0.9322580695152283, 0.9311828017234802, 0.9322580695152283, 0.9311828017234802, 0.9311828017234802, 0.9311828017234802, 0.9311828017234802, 0.9311828017234802],