{"val_loss": [3.0749142357635497], "val_acc": [0.3227504760456085], "loss": [3.335865253235486], "acc": [0.30390928907179665]}