{"val_cation_decoded_mean_acc": [1.0, 0.9991728464762369, 0.9995864476913061, 0.9987592834692735, 1.0, 0.9995864476913061, 1.0, 1.0, 0.9995864369930365, 0.9987593002808399], "anion_decoded_mean_loss": [0.4250003056866782, 0.37140046034540447, 0.11279404418809073, 0.06503764782633101, 0.0632562141759055, 0.05659821697643825, 0.08645355761051178, 0.03832545250654221, 0.0393770056111472, 0.03507140014852796], "val_cation_decoded_mean_loss": [0.0031148766657003225, 0.009231467725327, 0.00996163122069377, 0.017014906789438847, 0.006979033852425905, 0.006903306258699069, 0.005981428632273888, 0.0064153436045998186, 0.006459583026858477, 0.014609687794477511], "val_qspr_loss": [0.9049924306380444, 0.9223439540618505, 0.9091946283976237, 0.9179841608573229, 0.9373423197330573, 0.9758946085587527, 0.9337067481799003, 0.9848431994517645, 0.8953202832967807, 0.9958642713534527], "val_anion_decoded_mean_acc": [0.900330840012966, 0.9433416174008296, 0.9474772703953278, 0.9487179487179487, 0.9483043964092548, 0.9487179487179487, 0.9487179487179487, 0.9474772428854917, 0.9487179487179487, 0.9487179487179487], "anion_decoded_mean_mean_squared_error": [0.0012751655365147079, 0.0013828011395941888, 0.0003391083429700562, 0.00018568129079150303, 0.00018216077762190253, 0.00014794368238653987, 0.00015758719396087275, 0.00010145286898477935, 0.00011377060322307184, 9.830168294554044e-05], "val_qspr_acc": [0.0, 0.0, 0.0, 0.0, 0.0, 0.0, 0.0, 0.0, 0.0, 0.0], "cation_decoded_mean_loss": [0.006540831694645541, 0.016735812899257456, 0.03512484582407134, 0.019353445023298263, 0.011013939686651741, 0.012815993641104017, 0.010054581955607449, 0.0113799792102405, 0.008147979596895831, 0.006228477616927453], "qspr_acc": [0.0, 0.0, 0.0, 0.0, 0.0, 0.0, 0.0, 0.0, 0.0, 0.0], "loss": [1.4255057403019495, 1.3701850625446865, 0.9880009514944894, 0.8937220777784075, 0.830547592980521, 0.7481692637716021, 0.7800103861945016, 0.6869984524590629, 0.6557887206758771, 0.5671904868738992], "val_qspr_mean_squared_error": [0.9049924306380444, 0.9223439540618505, 0.9091946283976237, 0.9179841608573229, 0.9373423197330573, 0.9758946085587527, 0.9337067481799003, 0.9848431994517645, 0.8953202832967807, 0.9958642713534527], "val_cation_decoded_mean_mean_squared_error": [9.54095618874945e-07, 3.441858835592426e-05, 2.7519727609615074e-05, 6.375808628105845e-05, 5.974828220645671e-06, 8.846438498576157e-06, 3.980865731370077e-06, 5.3562656690841186e-06, 8.327007750407434e-06, 4.5067017662147875e-05], "qspr_loss": [0.9939645961352757, 0.9820487815993173, 0.8400820687838964, 0.8093309913362775, 0.7562774395942689, 0.6787550520896911, 0.6835022587435586, 0.6372930208274297, 0.6082637328760965, 0.5258906086853572], "anion_decoded_mean_acc": [0.9676497639928545, 0.9656221107074192, 0.989631335735321, 0.9924884717805045, 0.9934101380620683, 0.993917054108211, 0.994101380280086, 0.9941474618230547, 0.9935483799661908, 0.9938709616661072], "val_loss": [2.2310780256222458, 1.361694531563001, 1.10700250741763, 1.10179430552018, 1.1068086524804432, 1.170139166025015, 1.2684920376692064, 1.1504401151950543, 1.042138587205838, 1.1599850219029646], "qspr_mean_squared_error": [0.9939645961352757, 0.9820487815993173, 0.8400820687838964, 0.8093309913362775, 0.7562774395942689, 0.6787550520896911, 0.6835022587435586, 0.6372930208274297, 0.6082637328760965, 0.5258906086853572], "cation_decoded_mean_mean_squared_error": [1.4886416703185595e-05, 5.184245077543892e-05, 0.00012596504026857604, 6.216907491242246e-05, 3.0481406044730518e-05, 3.7002362894002414e-05, 2.2437605136604233e-05, 2.4466816347350168e-05, 1.5388795085462853e-05, 5.492781079478196e-06], "val_anion_decoded_mean_loss": [1.32297071432456, 0.4301190475622813, 0.18784630260406396, 0.16679522146781287, 0.1624873108111131, 0.18734123533925948, 0.3288039127125954, 0.15918159933808523, 0.14035873191478926, 0.1495110861813793], "cation_decoded_mean_acc": [0.9996774210248675, 0.9989400959014892, 0.9971889414106097, 0.9985253374917167, 0.9993087550571986, 0.9992626735142299, 0.9995852443150112, 0.9995852443150112, 0.9996774128505161, 0.999907831464495], "val_anion_decoded_mean_mean_squared_error": [0.00311182806483255, 0.0015543671056198387, 0.0008751507057474019, 0.0008265006444372165, 0.0008055181181892598, 0.00090621652105209, 0.0012391772590070525, 0.0007716429495012095, 0.000652209959903361, 0.0007849427097280335]}