{"val_loss": [3.022498640975952], "val_acc": [0.3294988572883606], "loss": [3.0967179033745658], "acc": [0.3169459894021352]}