{"loss": [5.8802580152239114], "val_anion_decoded_mean_mean_squared_error": [0.003538089571520686], "cation_decoded_mean_mean_squared_error": [0.005706684012666233], "val_cation_decoded_mean_loss": [1.9062061309814453], "val_cation_decoded_mean_mean_squared_error": [0.005297242663800716], "val_loss": [3.78806471824646], "qspr_acc": [0.0], "val_cation_decoded_mean_acc": [0.8473118543624878], "val_qspr_mean_squared_error": [0.5631763339042664], "anion_decoded_mean_mean_squared_error": [0.00585719500143165], "val_anion_decoded_mean_acc": [0.8881720304489136], "qspr_loss": [2.022666361547054], "val_qspr_acc": [0.0], "anion_decoded_mean_loss": [1.865571289134205], "qspr_mean_squared_error": [2.022666361547054], "val_qspr_loss": [0.5631763339042664], "cation_decoded_mean_loss": [1.9920204098063303], "cation_decoded_mean_acc": [0.8398011098230692], "anion_decoded_mean_acc": [0.8410138357850842], "val_anion_decoded_mean_loss": [1.3186821937561035]}