{"val_cation_decoded_mean_acc": [0.9939516099487863, 0.9971970814030345, 0.9970495642685309, 0.9953776510750375, 0.9968036965626043, 0.9939516114025582, 0.9947875709068484, 0.9982297420501709, 0.9985247879493527, 0.9992132070587902], "anion_decoded_mean_loss": [0.6020983839972862, 0.46125051917848686, 0.7096500316689726, 0.7473913497462359, 0.37360097595739056, 0.2859690280011566, 0.216607734505384, 0.21844337596635408, 0.22453365954717325, 0.28913181288519646], "val_cation_decoded_mean_loss": [0.06786351573721665, 0.03252662009582287, 0.032474099294986666, 0.06536125296317949, 0.034831875162880596, 0.06346197817020299, 0.05969788624746043, 0.02545623916269439, 0.0218074067336757, 0.013890199385946843], "val_qspr_loss": [0.961094279114793, 0.7290186213284005, 0.7297010741582731, 0.6168825393769799, 0.6924832143434664, 0.5079692645770747, 0.4536015405887511, 0.44705460420468957, 0.4143035033854043, 0.41956516300759666], "val_anion_decoded_mean_acc": [0.9120770983579682, 0.9645456337347263, 0.8686073989402957, 0.9518587734641099, 0.9627262019529575, 0.9666601143232206, 0.9685287170293855, 0.9681845016595794, 0.9632671141042942, 0.969364666357273], "anion_decoded_mean_mean_squared_error": [0.002169174327325264, 0.0017017507933919619, 0.0026714068047308183, 0.0028154672847169513, 0.0013246737737473886, 0.0009814731958660142, 0.0006961066172960053, 0.0007177987998896543, 0.0007575130550686312, 0.0010366788211628535], "val_qspr_acc": [0.0, 0.0, 0.003048780487804878, 0.0, 0.003048780487804878, 0.003048780487804878, 0.003048780487804878, 0.0, 0.0, 0.003048780487804878], "cation_decoded_mean_loss": [0.027638856137772057, 0.044696818582117354, 0.03424399993838739, 0.03374177425728385, 0.09258056254428992, 0.062225646084814346, 0.10385136615431897, 0.044397472255828824, 0.015755084841602148, 0.01027970948683211], "qspr_acc": [0.0, 0.0, 0.0, 0.0, 0.0, 0.0, 0.0, 0.0, 0.0, 0.0], "loss": [2.300471723019046, 1.4929635456838055, 1.6049216655037208, 1.57109644025736, 1.1787214037037252, 0.9987469342410584, 0.8969323730096853, 0.8047641225490136, 0.7461622919661185, 0.7802502079590493], "val_qspr_mean_squared_error": [0.961094279114793, 0.7290186213284005, 0.7297010741582731, 0.6168825393769799, 0.6924832143434664, 0.5079692645770747, 0.4536015405887511, 0.44705460420468957, 0.4143035033854043, 0.41956516300759666], "val_cation_decoded_mean_mean_squared_error": [0.0002550182446323494, 0.00011753208902086399, 0.00012043152571827593, 0.00022536754326344036, 0.00012932906249660869, 0.00023477966930463814, 0.0002108626348638986, 7.648998717275213e-05, 6.764407913667638e-05, 3.5642071646556935e-05], "qspr_loss": [1.6707344895987317, 0.9870162181993305, 0.8610276323368931, 0.7899633175682399, 0.7125398597350643, 0.6505522612304193, 0.5764732714445561, 0.5419232775676691, 0.5058735501780353, 0.48083868555070264], "anion_decoded_mean_acc": [0.9339415254573492, 0.939246765008495, 0.9147004443696087, 0.9126658555045699, 0.9488454271510885, 0.9571205124931038, 0.9642415698320835, 0.9638040250905614, 0.9631695821754971, 0.956622800571549], "val_loss": [1.8878786505722418, 0.9649751477125215, 1.9114355226842368, 1.0382319194514578, 0.9748065035517622, 0.7822240154917647, 0.6908897655766185, 0.6482000467253894, 0.6861814056954733, 0.6000802575088129], "qspr_mean_squared_error": [1.6707344895987317, 0.9870162181993305, 0.8610276323368931, 0.7899633175682399, 0.7125398597350643, 0.6505522612304193, 0.5764732714445561, 0.5419232775676691, 0.5058735501780353, 0.48083868555070264], "cation_decoded_mean_mean_squared_error": [8.437752619693175e-05, 0.00015347004853534537, 0.00011383939216299354, 0.00010483477094140061, 0.000314087548492216, 0.00022151002168133794, 0.00036972185663923366, 0.0001529724561769695, 4.2826408435480654e-05, 1.9731041061531648e-05], "val_anion_decoded_mean_loss": [0.8589208678501409, 0.20342990992272772, 1.1492603348522652, 0.35598810344207577, 0.24749141495402266, 0.2107927562986932, 0.17759035709427623, 0.17568920661763446, 0.2500704904881919, 0.16662489277560535], "cation_decoded_mean_acc": [0.9980693240212601, 0.9964504047909928, 0.9973856608072916, 0.9976427175910564, 0.9926218826433649, 0.9944267596338271, 0.9907349637905676, 0.9962261674686301, 0.9990592748280419, 0.9995679211802465], "val_anion_decoded_mean_mean_squared_error": [0.003103477698637218, 0.0007036360585494194, 0.0046858856817934575, 0.0012431047649531647, 0.0008129947293527061, 0.0006760753174425988, 0.0005435182921667924, 0.0005338414829144845, 0.0009218832668166881, 0.0005142325187590337]}