{"val_loss": [8.313789181592988, 6.253577011387523, 6.000825928478706, 6.799449501968011, 6.24424012114362, 5.907289795759247, 5.867681247432057, 8.590282114540658, 7.549165388432945, 6.958614849462742], "val_decoded_mean_loss": [6.340607515195521, 4.510052948463254, 4.2630782476285605, 5.0312871584078165, 4.4039455855764995, 4.108601139812935, 3.9721588390629465, 6.879107963748094, 5.894471622094875, 5.228570310080924], "val_qspr_loss": [1.9731816140616811, 1.7435241123525107, 1.737747675035058, 1.7681623202998464, 1.8402945239369461, 1.7986886675764875, 1.8955223967389363, 1.7111741478850202, 1.65469374307772, 1.7300445800874291], "val_decoded_mean_acc": [0.5863530853899513, 0.6668118543741179, 0.6731416917428737, 0.6681474941532787, 0.6591463408819059, 0.6803426320959882, 0.6923635296705293, 0.5750290358938822, 0.6342624891095046, 0.6445702619668914], "val_decoded_mean_mean_squared_error": [0.013002550638303524, 0.01021666740771474, 0.00979504718377096, 0.011201463321723589, 0.01024297876964982, 0.009584893699644543, 0.009292175993323326, 0.016790170585963785, 0.013366328597795673, 0.0120479470209741], "val_qspr_acc": [0.0, 0.0, 0.0, 0.0, 0.0, 0.0, 0.0, 0.0, 0.0, 0.0], "val_qspr_mean_squared_error": [1.9731816140616811, 1.7435241123525107, 1.737747675035058, 1.7681623202998464, 1.8402945239369461, 1.7986886675764875, 1.8955223967389363, 1.7111741478850202, 1.65469374307772, 1.7300445800874291], "loss": [8.069781343182616, 8.324906031128995, 6.561141095593162, 6.677465600052217, 6.842489369645609, 6.424962964289145, 6.213721815065918, 6.148528353567243, 8.525105675587051, 7.774172226668779], "decoded_mean_loss": [5.7694391853407545, 6.099028588149781, 4.498686230760706, 4.615440288936942, 4.771235346672857, 4.429547766258289, 4.211358978773384, 4.154732975486013, 6.522580362651744, 5.797680837496049], "qspr_loss": [2.300342160226855, 2.2258774143188598, 2.062454852301131, 2.0620253225551615, 2.071254033967979, 1.9954152025583034, 2.0023628365350765, 1.9937953668434607, 2.0025253489527635, 1.9764914005721936], "decoded_mean_acc": [0.6390447123610962, 0.6137738393581128, 0.6602334930719703, 0.6569426283871937, 0.6593809052013307, 0.6650809799262571, 0.674130050438305, 0.6776243769018963, 0.6100986635292858, 0.6218605193496761], "decoded_mean_mean_squared_error": [0.0122255353360014, 0.013264319839864898, 0.01034073814261476, 0.010654854024648313, 0.010943142873752658, 0.010328920252864979, 0.009889628432461188, 0.009829761645803717, 0.01477484239777566, 0.013328915878450741], "qspr_acc": [0.0, 0.0, 0.0, 0.0, 0.0, 0.0, 0.0, 0.0, 0.0, 0.0], "qspr_mean_squared_error": [2.300342160226855, 2.2258774143188598, 2.062454852301131, 2.0620253225551615, 2.071254033967979, 1.9954152025583034, 2.0023628365350765, 1.9937953668434607, 2.0025253489527635, 1.9764914005721936]}