{"val_cation_decoded_mean_acc": [0.9992278619860926, 0.9991134684136573, 0.9992850570813984, 0.9994280456651187, 0.9914207272495784, 0.9980839524708741, 0.9991420651158542, 0.9983127328520971, 0.998941884818652, 0.9915923159173194], "anion_decoded_mean_loss": [0.17262232537120903, 0.07395913637623129, 0.1919105205694458, 0.10790555946674482, 0.084407020757978, 0.05993737353595352, 0.05859831425184702, 0.20091973393655563, 0.11736511076040138, 0.20185897427125632], "val_cation_decoded_mean_loss": [0.010884961559179616, 0.012773104431437896, 0.010227759137538308, 0.011369016817407616, 0.09250467793738588, 0.02436523200243923, 0.009961008516979133, 0.02395863414920391, 0.013038525488293658, 0.10951918149565129], "val_qspr_loss": [0.11676895248551741, 0.04507368221773323, 0.10696913291376534, 0.12636011141411801, 0.055025464148386154, 0.05036142124985972, 0.18779620031515756, 0.12483487267654839, 0.04638779900492506, 0.06056908510149794], "val_anion_decoded_mean_acc": [0.9839567597030748, 0.9842713335727123, 0.9799817014247814, 0.9829558480715921, 0.9842427402523393, 0.9844715172517384, 0.9839567597030748, 0.9751201090237773, 0.9833848121318411, 0.982326698641405], "anion_decoded_mean_mean_squared_error": [0.0006210300518873469, 0.00026795564783442614, 0.0007450881017365373, 0.00040114215587635566, 0.0002921675915161723, 0.0001775197524570168, 0.0001758834809183947, 0.0007712047967191959, 0.00044608126915478226, 0.000736336108741427], "val_qspr_acc": [0.0, 0.0, 0.0, 0.0, 0.0, 0.0, 0.0, 0.0, 0.0, 0.0], "cation_decoded_mean_loss": [0.020509840823887886, 0.01744419427792418, 0.013300831540354819, 0.01732874406700708, 0.02178496951158286, 0.036131666593866775, 0.018345385635156242, 0.030961110766477867, 0.029445560646464138, 0.03479396871735717], "qspr_acc": [0.0, 0.0, 0.0, 0.0, 0.0, 0.0, 0.0, 0.0, 0.0, 0.0], "loss": [4.017924194813998, 1.2481741590426474, 1.2847836907855241, 1.24444457549232, 1.2151193774991047, 1.1611959813896053, 1.0815564238015825, 1.2706405791347963, 1.1563182214507695, 1.2139172251934551], "val_qspr_mean_squared_error": [0.11676895248551741, 0.04507368221773323, 0.10696913291376534, 0.12636011141411801, 0.055025464148386154, 0.05036142124985972, 0.18779620031515756, 0.12483487267654839, 0.04638779900492506, 0.06056908510149794], "val_cation_decoded_mean_mean_squared_error": [2.8789511377663527e-05, 3.718509592400029e-05, 3.0341256751208476e-05, 3.11932227613081e-05, 0.00035866361804114957, 8.24598671910448e-05, 3.438501150238617e-05, 7.435555378072531e-05, 4.5185942307146803e-05, 0.00036403726167557433], "qspr_loss": [3.8247920501295667, 1.1567708282798193, 1.0795723394409353, 1.11921027006895, 1.1089273867626879, 1.0651269428518741, 1.0046127271859255, 1.0387597312253445, 1.009507553097951, 0.9772642852052185], "anion_decoded_mean_acc": [0.9745124996661293, 0.981092073624718, 0.9695690640665404, 0.97771156675274, 0.9794432031983616, 0.9815249830419692, 0.9818369318494576, 0.9699351268805577, 0.976473319558719, 0.9691998200795814], "val_loss": [0.18869390502466377, 0.11617190337984275, 0.22269161478847477, 0.21227490690583034, 0.1978345460502814, 0.12107433146196055, 0.2490244262607385, 0.3024875747819319, 0.11730291998238428, 0.24049574559461986], "qspr_mean_squared_error": [3.8247920501295667, 1.1567708282798193, 1.0795723394409353, 1.11921027006895, 1.1089273867626879, 1.0651269428518741, 1.0046127271859255, 1.0387597312253445, 1.009507553097951, 0.9772642852052185], "cation_decoded_mean_mean_squared_error": [5.5485197019723976e-05, 5.2568129613605854e-05, 3.773724511535518e-05, 5.388137400581354e-05, 7.166373530070359e-05, 0.00012447845615081972, 6.17381965968574e-05, 9.826057284541953e-05, 9.986097311273657e-05, 0.00012632912102565088], "val_anion_decoded_mean_loss": [0.061039988744132065, 0.058325116449953814, 0.10549472277680187, 0.07454578108847776, 0.05030440659995409, 0.04634767781335411, 0.05126722000460041, 0.15369406722961587, 0.057876594642058334, 0.07040747846906067], "cation_decoded_mean_acc": [0.9987267358123797, 0.9987713019711886, 0.9990800665943304, 0.9986949056381066, 0.9983288444238982, 0.9970683145268984, 0.998564393981006, 0.997717678370456, 0.9976221810719754, 0.9970173836695458], "val_anion_decoded_mean_mean_squared_error": [0.00021435361366534478, 0.00020161732388247235, 0.000380669683781502, 0.00024559382073024327, 0.00014058518964913918, 0.00012537926126772922, 0.00014747437812254202, 0.0005900459165902848, 0.00020452826237300837, 0.00022665617231226772]}