{"val_cation_decoded_mean_mean_squared_error": [2.343047071917681e-06, 1.4156450234281692e-08, 4.241203299670815e-08, 1.1920491260752897e-07, 2.7348974640517554e-08, 3.197643252406124e-07, 1.1522971909982971e-08, 8.306213494790882e-09, 4.722319868477598e-09, 1.1561206436638827e-09], "val_loss": [0.9865553379058838, 0.6125624775886536, 0.4825822412967682, 0.5674868226051331, 1.6570484638214111, 2.425467014312744, 2.588178873062134, 2.4332947731018066, 1.978971242904663, 1.504294514656067], "val_anion_decoded_mean_acc": [0.9161290526390076, 0.9236559271812439, 0.9290322661399841, 0.9053763151168823, 0.85161292552948, 0.7795698642730713, 0.7516129016876221, 0.7516129016876221, 0.7860215306282043, 0.8107526898384094], "val_qspr_mean_squared_error": [0.5668313503265381, 0.22557999193668365, 0.20293721556663513, 0.129952535033226, 0.08147482573986053, 0.045203883200883865, 0.04305795952677727, 0.07383733242750168, 0.03562047332525253, 0.05484677478671074], "val_qspr_loss": [0.5668313503265381, 0.22557999193668365, 0.20293721556663513, 0.129952535033226, 0.08147482573986053, 0.045203883200883865, 0.04305795952677727, 0.07383733242750168, 0.03562047332525253, 0.05484677478671074], "qspr_acc": [0.0, 0.0, 0.0, 0.0, 0.0, 0.0, 0.0, 0.0, 0.0, 0.0], "val_anion_decoded_mean_loss": [0.4129278063774109, 0.38338926434516907, 0.2763077914714813, 0.4340120255947113, 1.5723484754562378, 2.3767292499542236, 2.5421624183654785, 2.3567941188812256, 1.9406520128250122, 1.4469103813171387], "cation_decoded_mean_mean_squared_error": [9.057652637854236e-06, 9.68725411172756e-07, 6.597097071736613e-06, 6.369697538891948e-06, 1.2494144343583355e-05, 1.5259794573972852e-05, 1.0402835913668693e-05, 3.962701059988051e-07, 7.727945739389871e-08, 2.1586951262871653e-08], "cation_decoded_mean_loss": [0.005436279331298923, 0.005028626751994952, 0.006013233561236831, 0.0044789312134279795, 0.005888687042323382, 0.005804435159184767, 0.005426010635114254, 0.0030527650151065643, 0.0028133319613796877, 0.0027428109958571823], "anion_decoded_mean_acc": [0.9661654099485928, 0.9579189809641444, 0.9546446741971755, 0.9592529790742057, 0.9246907498603477, 0.8679359685209461, 0.821853020137414, 0.7618239127603689, 0.7923841969411176, 0.8334950266924119], "val_qspr_acc": [0.0, 0.0, 0.0, 0.0, 0.0, 0.0, 0.0, 0.0, 0.0, 0.0], "anion_decoded_mean_mean_squared_error": [0.0009394991665656672, 0.001080080873816085, 0.0010806435799660314, 0.000931993363201058, 0.002363425710140482, 0.005095605899516801, 0.006644737539126685, 0.008947880143873897, 0.007507809826445983, 0.005985784330370282], "val_cation_decoded_mean_acc": [1.0, 1.0, 1.0, 1.0, 1.0, 1.0, 1.0, 1.0, 1.0, 1.0], "val_anion_decoded_mean_mean_squared_error": [0.001955286832526326, 0.0016435753786936402, 0.0011488109594210982, 0.001956118270754814, 0.004681521560996771, 0.007856304757297039, 0.008993665687739849, 0.008784696459770203, 0.007451158948242664, 0.00590633787214756], "anion_decoded_mean_loss": [0.5529762014074433, 0.24537014625126258, 0.2632546034970678, 0.24374990086806447, 0.6470690584720525, 1.6039426237120664, 1.8614486115319389, 2.400085174947753, 1.907419242356953, 1.4701695115046394], "loss": [2.1919584565592887, 0.8270698427257681, 0.6047689448621937, 0.4414422780947578, 0.8277593169893537, 1.793586840306906, 2.030973644184887, 2.5529344467292154, 2.0619606917962097, 1.6117359901729382], "qspr_mean_squared_error": [1.6335459252945463, 0.5766710668130028, 0.33550110392104415, 0.19321344490338088, 0.17480156318585677, 0.18383977466956117, 0.16409897266473986, 0.14979646735845653, 0.1517281015508605, 0.1388236742494698], "cation_decoded_mean_acc": [0.9996361840040164, 1.0, 0.9998787327816612, 0.9998787327816612, 0.9996361840040164, 0.9995149167856776, 0.9997574512223552, 1.0, 1.0, 1.0], "val_cation_decoded_mean_loss": [0.006796174682676792, 0.0035931975580751896, 0.0033372461330145597, 0.003522287355735898, 0.0032252445816993713, 0.0035339302849024534, 0.0029586402233690023, 0.0026633793022483587, 0.002698751399293542, 0.0025373755488544703], "qspr_loss": [1.6335459252945463, 0.5766710668130028, 0.33550110392104415, 0.19321344490338088, 0.17480156318585677, 0.18383977466956117, 0.16409897266473986, 0.14979646735845653, 0.1517281015508605, 0.1388236742494698]}