{"val_cation_decoded_mean_acc": [0.9116334953206651, 0.9151509953728805, 0.9148650198963517, 0.8977922746475707, 0.9185255059959195, 0.9130347819193035, 0.9155227677196476, 0.9127773938449562, 0.9194406309026353, 0.9222145938704199], "anion_decoded_mean_loss": [0.9036423781460645, 0.9180563218099068, 0.7994066454589261, 0.7546876075824431, 0.7269562178164374, 0.7486132867876915, 0.7590584149604392, 0.7699150722573113, 0.7495600510942223, 0.8098238106307509], "val_cation_decoded_mean_loss": [1.5371094367182847, 1.4868952754541491, 1.4767219513020617, 1.5969704778481884, 1.4480329126330977, 1.4744121791623164, 1.464650497368887, 1.481176443133794, 1.4112564392969118, 1.3567303343022123], "val_qspr_loss": [0.19947125070483973, 0.1418546457239922, 0.4429987203990314, 0.255288654291038, 0.051526442909917085, 0.15530809834071085, 0.04500495277820749, 0.1691094194109558, 0.058960109790588945, 0.04770902235140192], "val_anion_decoded_mean_acc": [0.9603637600621433, 0.9592198564651164, 0.9548730258400558, 0.9512125367813922, 0.9571894293135785, 0.9510981525089723, 0.957704188130426, 0.9600777812037907, 0.9618794283968337, 0.9567604673669693], "anion_decoded_mean_mean_squared_error": [0.0020596108412932884, 0.0021297055663192102, 0.0016319528507895494, 0.0014625015131502796, 0.0013392004292408302, 0.0014368781398758307, 0.0014670962466962543, 0.0015296107300051558, 0.0014518159188463245, 0.0016655248852833762], "val_qspr_acc": [0.0, 0.0, 0.0, 0.0, 0.0, 0.0, 0.0, 0.0, 0.0, 0.0], "cation_decoded_mean_loss": [1.6304752149359818, 1.5613923487353658, 1.5041128514385655, 1.485784122123741, 1.4650267595272692, 1.4303312012258544, 1.4383979361979995, 1.4323912586760235, 1.4281379985743452, 1.401332535898048], "qspr_acc": [0.0, 0.0, 0.0, 0.0, 0.0, 0.0, 0.0, 0.0, 0.0, 0.0], "loss": [7.024754652215669, 3.784566833630854, 3.598679623473013, 3.579024636724279, 3.431093492803429, 3.425665324835799, 3.411648561810045, 3.4163795012987315, 3.324593781577969, 3.345540977827727], "val_qspr_mean_squared_error": [0.19947125070483973, 0.1418546457239922, 0.4429987203990314, 0.255288654291038, 0.051526442909917085, 0.15530809834071085, 0.04500495277820749, 0.1691094194109558, 0.058960109790588945, 0.04770902235140192], "val_cation_decoded_mean_mean_squared_error": [0.003487777174615585, 0.0032434510562489643, 0.003200475907560887, 0.003793721356435765, 0.0030629732530458387, 0.003233999580290195, 0.0031898669280930824, 0.003261726925889334, 0.00296558818370368, 0.0028744425033450337], "qspr_loss": [4.49063703831258, 1.3051181733784696, 1.2951601088717535, 1.338552918052071, 1.2391104997792421, 1.2467208292819774, 1.214192214104135, 1.2140731668481701, 1.1468957373087567, 1.1343846202531886], "anion_decoded_mean_acc": [0.9397524774062791, 0.9367475809137191, 0.948340622259358, 0.9510463029175603, 0.9542039905705818, 0.951205461693864, 0.9512372906447539, 0.9496966446554117, 0.9513391521712462, 0.9465357740414267], "val_loss": [2.4461553705499526, 2.3269103875396944, 2.644144203645963, 2.600182460554948, 2.191658748802564, 2.397139731873857, 2.1960494594371065, 2.3236637867934316, 2.1216980269614685, 2.1030842666084886], "qspr_mean_squared_error": [4.49063703831258, 1.3051181733784696, 1.2951601088717535, 1.338552918052071, 1.2391104997792421, 1.2467208292819774, 1.214192214104135, 1.2140731668481701, 1.1468957373087567, 1.1343846202531886], "cation_decoded_mean_mean_squared_error": [0.003943319335298288, 0.003607794992452572, 0.003323911415817018, 0.003252974147133666, 0.00316307107700711, 0.0030011769819479764, 0.003055756836460555, 0.0030237007197604694, 0.003013061346222088, 0.0029850463331986725], "val_anion_decoded_mean_loss": [0.709574707433687, 0.6981604390955986, 0.7244235023539117, 0.7479233352850515, 0.6920993810004377, 0.7674194844901985, 0.6863939960797628, 0.6733779036406929, 0.6514814825768166, 0.6986449267847318], "cation_decoded_mean_acc": [0.8980149868585335, 0.9053489664190498, 0.9119890229410736, 0.9135837812430293, 0.9155541547238297, 0.9194917143955724, 0.9172412251988553, 0.9185304047559313, 0.9185590487696232, 0.9192466112502539], "val_anion_decoded_mean_mean_squared_error": [0.0012090799757048275, 0.0012326363015074467, 0.0013638324317264748, 0.0014780439784856025, 0.0012237796525252944, 0.0015269730063419498, 0.0011825546538060967, 0.0011387539949888985, 0.0010359977976359585, 0.0012577561391616597]}