{"val_loss": [4.418342541046143], "val_acc": [0.2851584761428833], "loss": [2.9830909000921753], "acc": [0.32138788888421743]}