{"val_loss": [3.2709971776245332, 2.732632173714063, 2.4946543257287206, 2.3239954507097287, 2.196726306955865, 2.0530098566772246, 1.9067097504933674, 1.9244242999570589, 1.7487814265785488, 1.6270131659000477], "val_decoded_mean_loss": [3.1105790425699653, 2.663270503916639, 2.424041597555715, 2.2434485694195363, 2.0803256956398064, 2.0012542651900165, 1.8710704948885222, 1.783720816280825, 1.7120395036453897, 1.6011182974416314], "val_qspr_loss": [0.16041811455226113, 0.06936166287525326, 0.07061274835826657, 0.0805468850947441, 0.11640062109164312, 0.051755607392348295, 0.035639263900881964, 0.14070348156259416, 0.036741903566933694, 0.025894871827030014], "val_decoded_mean_acc": [0.7582235797077206, 0.7943093544202493, 0.8176460663477579, 0.8331475820101745, 0.8466396602333015, 0.8542722083152609, 0.8623438054788197, 0.8712597163856453, 0.8769841274471147, 0.8855454135448375], "val_decoded_mean_mean_squared_error": [0.007760879953543768, 0.006734421991921486, 0.006139832895566175, 0.005665154523275634, 0.0052502738074102304, 0.005048091795810676, 0.004727674055355766, 0.004478602329969195, 0.004316174375646292, 0.004041851017663771], "val_qspr_acc": [0.0, 0.0, 0.0, 0.0, 0.0, 0.0, 0.0, 0.0, 0.0, 0.0], "val_qspr_mean_squared_error": [0.16041811455226113, 0.06936166287525326, 0.07061274835826657, 0.0805468850947441, 0.11640062109164312, 0.051755607392348295, 0.035639263900881964, 0.14070348156259416, 0.036741903566933694, 0.025894871827030014], "loss": [9.606235216325949, 4.057105504292484, 3.669104389027305, 3.4531430450915255, 3.265786292780215, 3.0951103073430293, 2.997000853314728, 2.9519981441117613, 2.8200707153759224, 2.733104639512584], "decoded_mean_loss": [4.3771695427718615, 2.8829343709480795, 2.5693694423448177, 2.3672080033390577, 2.1916895071524287, 2.0512358995026942, 1.9511627880384024, 1.9242659709334538, 1.7807855404691393, 1.6932011465360974], "qspr_loss": [5.229065651903732, 1.1741711563063675, 1.0997349471883093, 1.085935052292385, 1.0740967972969806, 1.0438744040760788, 1.0458380763103017, 1.027732183718225, 1.0392851712013433, 1.0399034924706647], "decoded_mean_acc": [0.7055889193019336, 0.7762515621470445, 0.8051951484188941, 0.8245904869009386, 0.8391872710887087, 0.8504910385300475, 0.8586032884770746, 0.8601802499637299, 0.8712979405500819, 0.8776114344338071], "decoded_mean_mean_squared_error": [0.009830280979891248, 0.007237414357706225, 0.006477726003453238, 0.005961454849769601, 0.005516909525123354, 0.005159575625215971, 0.004910237658184403, 0.0048470083828695675, 0.0044772963189650995, 0.004267849628957849], "qspr_acc": [0.0, 0.0, 0.0, 0.0, 0.0, 0.0, 0.0, 0.0, 0.0, 0.0], "qspr_mean_squared_error": [5.229065651903732, 1.1741711563063675, 1.0997349471883093, 1.085935052292385, 1.0740967972969806, 1.0438744040760788, 1.0458380763103017, 1.027732183718225, 1.0392851712013433, 1.0399034924706647]}