{"val_loss": [3.797813158508734], "val_decoded_mean_loss": [3.5168028452717666], "val_qspr_loss": [0.2810102992869438], "val_decoded_mean_acc": [0.7566700429781109], "val_decoded_mean_mean_squared_error": [0.007868568003441849], "val_qspr_acc": [0.0], "val_qspr_mean_squared_error": [0.2810102992869438], "loss": [10.260705658404673], "decoded_mean_loss": [5.148222967508819], "qspr_loss": [5.112482702070989], "decoded_mean_acc": [0.706036257560328], "decoded_mean_mean_squared_error": [0.009906237367272247], "qspr_acc": [0.0], "qspr_mean_squared_error": [5.112482702070989]}