{"loss": [10.731956287390126], "val_qspr_mean_squared_error": [0.8910802657576813], "val_qspr_loss": [0.8910802657576813], "decoded_anion_mean_acc": [0.9306296999462116], "val_loss": [2.0802846667410315], "val_decoded_anion_mean_loss": [0.18427054532643022], "val_decoded_anion_mean_acc": [0.982202449749256], "decoded_anion_mean_loss": [0.6672281329243328], "decoded_cation_mean_acc": [0.84892301955543], "qspr_loss": [8.885811952889537], "val_decoded_cation_mean_acc": [0.8764367631112022], "decoded_cation_mean_loss": [1.1789162018809456], "val_qspr_acc": [0.0], "decoded_cation_mean_mean_squared_error": [0.005147169057886821], "qspr_mean_squared_error": [8.885811952889537], "val_decoded_anion_mean_mean_squared_error": [0.000539515242408747], "val_decoded_cation_mean_loss": [1.0049337902288327], "qspr_acc": [0.0], "val_decoded_cation_mean_mean_squared_error": [0.004382636542592583], "decoded_anion_mean_mean_squared_error": [0.0025891520174818276]}