{"val_anion_decoded_mean_mean_squared_error": [0.00011636856318040209], "val_loss": [0.43523535333322677], "val_cation_decoded_mean_loss": [0.01273704357863812], "cation_decoded_mean_mean_squared_error": [2.186342252554576e-05], "anion_decoded_mean_mean_squared_error": [0.0003448119027740254], "val_anion_decoded_mean_loss": [0.03906914097874352], "anion_decoded_mean_loss": [0.12837619326045852], "val_cation_decoded_mean_mean_squared_error": [2.538292636716102e-05], "val_cation_decoded_mean_acc": [0.9994563225949749], "val_qspr_acc": [1.0], "anion_decoded_mean_acc": [0.9906200686542124], "cation_decoded_mean_loss": [0.013106369019639089], "val_anion_decoded_mean_acc": [0.994110193145409], "val_qspr_mean_squared_error": [0.3834291740079944], "qspr_acc": [0.986198243412798], "loss": [4.283544596943682], "qspr_mean_squared_error": [4.1420620409129105], "cation_decoded_mean_acc": [0.9994637155473008], "qspr_loss": [4.1420620409129105], "val_qspr_loss": [0.3834291740079944]}