{"val_cation_decoded_mean_acc": [0.8399503720112336, 0.8511166144640018, 0.8606286155871856, 0.8697270368918394, 0.8684863325877067, 0.8668320836165012, 0.877584790572142, 0.8767576431616758, 0.8800661533306806, 0.8821339912903614], "anion_decoded_mean_loss": [1.2767988055092947, 0.9034302622931344, 0.802230087688991, 0.755067309311458, 0.7217627191543579, 0.7080625878061567, 0.6904903738839285, 0.6845649542127337, 0.6782344116483416, 0.6719297095707485], "val_cation_decoded_mean_loss": [1.835995817795778, 1.7748747085913634, 1.7427805967819996, 1.7235939258184187, 1.7153624693552654, 1.773293021397713, 1.6953001664235041, 1.6705203851064045, 1.6625544138443775, 1.679753648929107], "val_qspr_loss": [0.8714712934616284, 0.8910062786860343, 0.9095576680623568, 0.8816632338059254, 0.9097109085474259, 0.9051360793602772, 0.9312727909821731, 0.9407074038798993, 0.9147469126261197, 0.9497071458743169], "val_anion_decoded_mean_acc": [0.9181141562950916, 0.9396195335265918, 0.9363110065460205, 0.9400330858352857, 0.9387923800028287, 0.9400330751370161, 0.9404466381439796, 0.9375516741703718, 0.9400330858352857, 0.9396195060167557], "anion_decoded_mean_mean_squared_error": [0.003710617929963129, 0.0020859762081610303, 0.0016393075584034834, 0.0014207235584035515, 0.0012727405836007425, 0.0012089586051713143, 0.0011479574461866703, 0.001132959810617779, 0.0010969304745750768, 0.0010762655036523937], "val_qspr_acc": [0.0, 0.0, 0.0, 0.0, 0.0, 0.0, 0.0, 0.0, 0.0, 0.0], "cation_decoded_mean_loss": [2.0221650396074566, 1.8809443657738822, 1.8203312839780534, 1.7791439989634923, 1.767651331765311, 1.7877850328172957, 1.7629138122286114, 1.7268178367614746, 1.7015465811320714, 1.7033453341892788], "qspr_acc": [0.0, 0.0, 0.0, 0.0, 0.0, 0.0, 0.0, 0.0, 0.0, 0.0], "loss": [4.26918452671596, 3.7339422144208636, 3.5637646225520543, 3.4693293516976493, 3.401559021813529, 3.38724488394601, 3.3419226196834018, 3.2918435873304093, 3.2714858300345284, 3.2617601803370886], "val_qspr_mean_squared_error": [0.8714712934616284, 0.8910062786860343, 0.9095576680623568, 0.8816632338059254, 0.9097109085474259, 0.9051360793602772, 0.9312727909821731, 0.9407074038798993, 0.9147469126261197, 0.9497071458743169], "val_cation_decoded_mean_mean_squared_error": [0.005461265595677571, 0.005079841551681359, 0.004906435401584857, 0.004799325729553134, 0.004764559786193646, 0.004991744501659503, 0.00463620528507118, 0.004498046834785969, 0.004482603112522226, 0.004561808981144657], "qspr_loss": [0.9702206710406712, 0.9495675543376377, 0.94120318038123, 0.9351179729189192, 0.9121450189181737, 0.8913972527640206, 0.8885185033934457, 0.8804608316080911, 0.891704854284014, 0.8864851427078247], "anion_decoded_mean_acc": [0.9060829496383667, 0.9491244305883135, 0.957050690310342, 0.9620737242698669, 0.9647926197733198, 0.9663594440051487, 0.9676497680800301, 0.9670967745780945, 0.9679723456927708, 0.9684331692968096], "val_loss": [3.7026140017387195, 3.473191725902068, 3.4053305295797496, 3.337029774983724, 3.3304093189728565, 3.3804722749269924, 3.3216207455366087, 3.295415902749086, 3.255178928375244, 3.3091207834390493], "qspr_mean_squared_error": [0.9702206710406712, 0.9495675543376377, 0.94120318038123, 0.9351179729189192, 0.9121450189181737, 0.8913972527640206, 0.8885185033934457, 0.8804608316080911, 0.891704854284014, 0.8864851427078247], "cation_decoded_mean_mean_squared_error": [0.005965323770152671, 0.005338841924177749, 0.005032922223742519, 0.004834572374820709, 0.004767654357211931, 0.004894924509738173, 0.004751284920743533, 0.004565014455999647, 0.004444816761783191, 0.004453455946807351], "val_anion_decoded_mean_loss": [0.9951469011795826, 0.8073107600212097, 0.7529921669226426, 0.731772583264571, 0.7053359028620597, 0.7020431252626272, 0.6950478202257401, 0.6841882115755326, 0.6778775254885355, 0.6796601078449152], "cation_decoded_mean_acc": [0.8270046080861773, 0.8482949321610587, 0.8610599061420986, 0.8644700520379203, 0.870138258934021, 0.8647465372085571, 0.8705529860087804, 0.8766820246832712, 0.8793548386437552, 0.8785714210782732], "val_anion_decoded_mean_mean_squared_error": [0.0026279280815894404, 0.0017964448421620405, 0.0015565968500689054, 0.0014197523078809564, 0.0013012447504875942, 0.0013105825950893073, 0.001278850163380878, 0.0012335909294704788, 0.001191448091935271, 0.0011947416754152912]}