{"val_loss": [4.994673241143939, 3.653339303773025, 3.1850470784066736, 3.03010037575645, 2.790814133896225, 2.555928589283735, 2.4275199490031976, 2.4283107971322946, 2.4458030311540626, 2.190446533005813], "val_decoded_mean_loss": [4.805653292557289, 3.592308365065476, 3.113758262546583, 2.9089135301524194, 2.629255760675189, 2.49286211496112, 2.3622414216227914, 2.290243022743313, 2.3019362783980095, 2.123039522390256], "val_qspr_loss": [0.18901993368548908, 0.061030868569324756, 0.07128880250042882, 0.12118677974774919, 0.16155838546739226, 0.0630664471750972, 0.06527853740015249, 0.13806777661559225, 0.143866755153941, 0.06740703510827031], "val_decoded_mean_acc": [0.7327312532512621, 0.7692939173216107, 0.7929392436455036, 0.8014230872022694, 0.8204159695526649, 0.8265462531440559, 0.8382594558014267, 0.8449917990585853, 0.8411603809773237, 0.8577449308044609], "val_decoded_mean_mean_squared_error": [0.009150003703931967, 0.007679468738022207, 0.006945716795222512, 0.006678498772925687, 0.006159200113609262, 0.005929193545090056, 0.005645077300910977, 0.005482419046048803, 0.005562616009051087, 0.0050860101721067535], "val_qspr_acc": [0.0, 0.0, 0.0, 0.0, 0.0, 0.0, 0.0, 0.0, 0.0, 0.0], "val_qspr_mean_squared_error": [0.18901993368548908, 0.061030868569324756, 0.07128880250042882, 0.12118677974774919, 0.16155838546739226, 0.0630664471750972, 0.06527853740015249, 0.13806777661559225, 0.143866755153941, 0.06740703510827031], "loss": [16.92259421363806, 5.637515411742579, 4.585328901613863, 4.17594866036607, 3.974786931942827, 3.739207252069784, 3.567364177612451, 3.3794111620503875, 3.4680277414596117, 3.298633481747807], "decoded_mean_loss": [7.324838977119032, 4.262278444698444, 3.4911003673419403, 3.160887531579112, 2.930583960865252, 2.6813757156030817, 2.541921878089539, 2.427072337641122, 2.42251103221418, 2.3112713521280988], "qspr_loss": [9.59775514191332, 1.3752369448780632, 1.0942285578852644, 1.015061155371011, 1.044202960718173, 1.0578315225652992, 1.0254422799086038, 0.9523388173252629, 1.0455167263079757, 0.9873621346089787], "decoded_mean_acc": [0.6393792784632966, 0.7314711656814186, 0.7631644612303177, 0.7815000758003503, 0.7946447576577671, 0.8092438698957523, 0.8192240972488453, 0.8293503765861828, 0.8293564614015646, 0.8370181015505197], "decoded_mean_mean_squared_error": [0.012649514789160448, 0.008819006404247338, 0.007753135796231679, 0.0072337663905046425, 0.006864460246762434, 0.006430375942299827, 0.0061596902780615675, 0.005925945404131478, 0.0059541971607211105, 0.005694122298861654], "qspr_acc": [0.0, 0.0, 0.0, 0.0, 0.0, 0.0, 0.0, 0.0, 0.0, 0.0], "qspr_mean_squared_error": [9.59775514191332, 1.3752369448780632, 1.0942285578852644, 1.015061155371011, 1.044202960718173, 1.0578315225652992, 1.0254422799086038, 0.9523388173252629, 1.0455167263079757, 0.9873621346089787]}