{"val_anion_decoded_mean_mean_squared_error": [0.007459990680217743], "val_loss": [3.4056308269500732], "val_cation_decoded_mean_loss": [0.006046423688530922], "cation_decoded_mean_mean_squared_error": [1.6459980250726798e-05], "anion_decoded_mean_mean_squared_error": [0.0033066433893851666], "val_anion_decoded_mean_loss": [2.2593605518341064], "anion_decoded_mean_loss": [1.1426119424643055], "val_cation_decoded_mean_mean_squared_error": [6.112683422543341e-06], "val_cation_decoded_mean_acc": [1.0], "val_qspr_acc": [0.8571428656578064], "anion_decoded_mean_acc": [0.9271591991506597], "cation_decoded_mean_loss": [0.006873287861385653], "val_anion_decoded_mean_acc": [0.8149001598358154], "val_qspr_mean_squared_error": [1.140223741531372], "qspr_acc": [0.7311827976216552], "loss": [5.058517527836625], "qspr_mean_squared_error": [3.909032274317998], "cation_decoded_mean_acc": [0.9993929997567208], "qspr_loss": [3.909032274317998], "val_qspr_loss": [1.140223741531372]}