{"val_cation_decoded_mean_mean_squared_error": [2.832914105965756e-05, 4.7051543106135796e-07, 1.665152815633064e-08, 6.097476745736685e-09, 3.6736846453777616e-08, 4.579168489726726e-06, 7.169579475885257e-05, 3.548343556758482e-06, 3.879874199697042e-08, 2.933081111322622e-09, 1.6318013607019566e-08, 7.094327258982958e-08, 3.2111714176608075e-08, 5.315757611867866e-09, 9.452533200615676e-10, 8.703239795515572e-10, 1.0181098186734516e-09, 9.965450686877375e-10, 1.0304141984107673e-09, 1.0422844809454546e-09, 8.749492685922178e-09, 2.6630107896608024e-08, 8.625127279060507e-09, 1.7296786225529104e-08, 2.3498433421309528e-08, 1.145988548501009e-08, 3.343549792589329e-08, 1.1055522719516375e-07, 2.964085332735067e-08, 2.7053027906731586e-07], "val_loss": [0.8171016573905945, 0.7726581692695618, 1.3724336624145508, 1.5858221054077148, 2.4124855995178223, 1.8470590114593506, 1.3618134260177612, 0.9773547649383545, 0.8165611624717712, 0.645696222782135, 0.5864957571029663, 0.5358319282531738, 0.48870861530303955, 0.517866849899292, 0.4767194986343384, 0.44591182470321655, 0.44630223512649536, 0.41661420464515686, 0.44846805930137634, 0.42944204807281494, 0.4233287572860718, 0.39461007714271545, 0.38711899518966675, 0.44770124554634094, 0.3867265284061432, 0.41228482127189636, 0.3880344331264496, 0.37369316816329956, 0.41182488203048706, 0.36086711287498474], "val_anion_decoded_mean_acc": [0.9182795882225037, 0.897849440574646, 0.8806451559066772, 0.8193548321723938, 0.8118279576301575, 0.824731171131134, 0.8333333134651184, 0.8720430135726929, 0.8999999761581421, 0.9043010473251343, 0.9107527136802673, 0.9139785170555115, 0.9150537848472595, 0.9150537848472595, 0.9172043204307556, 0.9161290526390076, 0.9161290526390076, 0.9182795882225037, 0.9172043204307556, 0.9172043204307556, 0.9161290526390076, 0.9182795882225037, 0.9172043204307556, 0.9172043204307556, 0.9204301238059998, 0.9172043204307556, 0.9172043204307556, 0.9193548560142517, 0.9182795882225037, 0.9193548560142517], "val_qspr_mean_squared_error": [0.3146653175354004, 0.20005916059017181, 0.43903201818466187, 0.1698935478925705, 0.13532452285289764, 0.15187349915504456, 0.09187436103820801, 0.08108806610107422, 0.09387340396642685, 0.04515242576599121, 0.05602468550205231, 0.046644099056720734, 0.0406961590051651, 0.06939209252595901, 0.042212359607219696, 0.03201453760266304, 0.03966948762536049, 0.030793409794569016, 0.05320195108652115, 0.030629217624664307, 0.04845894128084183, 0.024959374219179153, 0.021358808502554893, 0.08304169774055481, 0.04534078389406204, 0.05114657059311867, 0.03615212067961693, 0.030711401253938675, 0.07009277492761612, 0.02299761399626732], "val_qspr_loss": [0.3146653175354004, 0.20005916059017181, 0.43903201818466187, 0.1698935478925705, 0.13532452285289764, 0.15187349915504456, 0.09187436103820801, 0.08108806610107422, 0.09387340396642685, 0.04515242576599121, 0.05602468550205231, 0.046644099056720734, 0.0406961590051651, 0.06939209252595901, 0.042212359607219696, 0.03201453760266304, 0.03966948762536049, 0.030793409794569016, 0.05320195108652115, 0.030629217624664307, 0.04845894128084183, 0.024959374219179153, 0.021358808502554893, 0.08304169774055481, 0.04534078389406204, 0.05114657059311867, 0.03615212067961693, 0.030711401253938675, 0.07009277492761612, 0.02299761399626732], "qspr_acc": [0.0, 0.0, 0.0, 0.0, 0.0, 0.0, 0.0, 0.0, 0.0, 0.0, 0.0, 0.0, 0.0, 0.0, 0.0, 0.0, 0.0, 0.0, 0.0, 0.0, 0.0, 0.0, 0.0, 0.0, 0.0, 0.0, 0.0, 0.0, 0.0, 0.0], "val_anion_decoded_mean_loss": [0.49252739548683167, 0.5682918429374695, 0.93033766746521, 1.4126317501068115, 2.2739267349243164, 1.6903399229049683, 1.2558159828186035, 0.8925383687019348, 0.7198413014411926, 0.5977360010147095, 0.5276885628700256, 0.48633211851119995, 0.4452110230922699, 0.44583383202552795, 0.43185484409332275, 0.411236435174942, 0.4039766192436218, 0.3831636607646942, 0.39271703362464905, 0.3963206708431244, 0.372456431388855, 0.3672008812427521, 0.36334431171417236, 0.36237823963165283, 0.33904123306274414, 0.35901764035224915, 0.34977197647094727, 0.3407790958881378, 0.33968880772590637, 0.33559003472328186], "cation_decoded_mean_mean_squared_error": [7.992517186189138e-06, 1.1831753970608746e-05, 1.4255845633474465e-05, 3.4457269371024085e-06, 1.489896731568581e-06, 6.114339627714678e-06, 4.596746032612448e-06, 3.3132858314067732e-06, 8.281208472978354e-06, 1.454729648283879e-06, 2.278010124153982e-05, 2.664247766279431e-05, 1.231669462294907e-05, 8.303812962655238e-06, 4.7081085334678115e-07, 2.4929255717083865e-07, 4.30670321439427e-09, 5.406561537441221e-09, 5.757981565230652e-09, 2.2828210042842568e-09, 1.2318084258334112e-09, 6.924569470454967e-10, 5.200639974014576e-10, 4.5541203243770005e-10, 3.6960713426773633e-10, 1.960438094860404e-09, 3.2449307272108318e-09, 5.733384100605787e-10, 1.0213294937221616e-09, 1.991070681678406e-08], "cation_decoded_mean_loss": [0.004751926351030518, 0.007017860206586302, 0.009857299028636706, 0.0035024005779646394, 0.003847915892790359, 0.004207962667009324, 0.0034316566604700753, 0.0031968344412603997, 0.00441322501580742, 0.0034781088404833597, 0.009685673553118468, 0.008954431497512903, 0.005677242710822283, 0.00413341007258435, 0.002723643645518144, 0.0026682777596371515, 0.0025040339678525925, 0.0025203850564960027, 0.0024956063878603446, 0.002410555815086105, 0.002325194317119238, 0.0022152056392366276, 0.0022643901848871458, 0.0021728987549956805, 0.002107208230553713, 0.0020998625112767506, 0.0018600854117605359, 0.001843850035570506, 0.0018369032654743222, 0.0018217920035095815], "anion_decoded_mean_acc": [0.959859331747643, 0.9479747714852929, 0.9432452029751656, 0.9060150281827253, 0.8560514033288884, 0.8573853965092423, 0.873878254478139, 0.9073490177778373, 0.936211485611765, 0.9537957772276455, 0.9586466165413534, 0.9637399974622225, 0.9664079479705122, 0.9673781287401242, 0.9677419447361079, 0.9677419447361079, 0.9672568615217855, 0.9677419303951407, 0.9678631976134795, 0.9687121111647528, 0.9685908439464139, 0.9689546456014303, 0.9690759271607363, 0.9684695623871079, 0.9688333783830915, 0.9689546599423975, 0.9685908296054467, 0.9685908152644795, 0.969197180038108, 0.9690759128197691], "val_qspr_acc": [0.0, 0.0, 0.0, 0.0, 0.0, 0.0, 0.0, 0.0, 0.0, 0.0, 0.0, 0.0, 0.0, 0.0, 0.0, 0.0, 0.0, 0.0, 0.0, 0.0, 0.0, 0.0, 0.0, 0.0, 0.0, 0.0, 0.0, 0.0, 0.0, 0.0], "anion_decoded_mean_mean_squared_error": [0.0011958661517636024, 0.0014833390366555633, 0.0016597666794301144, 0.0031706486387472403, 0.0052125839957673295, 0.005256771011964271, 0.004394235700382886, 0.0030160206405067803, 0.0018839756625571422, 0.001263764636114912, 0.0009827827834532968, 0.0007655719468344696, 0.0006410208902126126, 0.0005793792872036032, 0.0005318320520319345, 0.0005037688370545144, 0.0004942184337313595, 0.00046902827609944113, 0.0004656443889884974, 0.00045265397362609497, 0.00044226778849871406, 0.0004383699339681821, 0.00042537072156956403, 0.00043661701542953236, 0.0004326664555921347, 0.00042990106044100713, 0.0004201699201185239, 0.0004162557812289611, 0.0003996832341285915, 0.0003973206865320502], "val_cation_decoded_mean_acc": [0.998924732208252, 1.0, 1.0, 1.0, 1.0, 1.0, 0.9978494644165039, 1.0, 1.0, 1.0, 1.0, 1.0, 1.0, 1.0, 1.0, 1.0, 1.0, 1.0, 1.0, 1.0, 1.0, 1.0, 1.0, 1.0, 1.0, 1.0, 1.0, 1.0, 1.0, 1.0],