{"loss": [3.673970411170657], "val_qspr_mean_squared_error": [1.211456976285795], "val_qspr_loss": [1.211456976285795], "decoded_anion_mean_acc": [0.9355768489611274], "val_loss": [2.5890891319367944], "val_decoded_anion_mean_loss": [0.20074943907377196], "val_decoded_anion_mean_acc": [0.9704464964750337], "decoded_anion_mean_loss": [0.5220696089650947], "decoded_cation_mean_acc": [0.8356577957553676], "qspr_loss": [1.8800421564528076], "val_decoded_cation_mean_acc": [0.8473151064500576], "decoded_cation_mean_loss": [1.2718586435395607], "val_qspr_acc": [0.0], "decoded_cation_mean_mean_squared_error": [0.005562347490068875], "qspr_mean_squared_error": [1.8800421564528076], "val_decoded_anion_mean_mean_squared_error": [0.0007051168948059856], "val_decoded_cation_mean_loss": [1.1768827438354492], "qspr_acc": [0.0], "val_decoded_cation_mean_mean_squared_error": [0.00516908786191446], "decoded_anion_mean_mean_squared_error": [0.00201708512397615]}