{"val_loss": [6.1247046400861045], "val_decoded_mean_loss": [4.419573574531369], "val_qspr_loss": [1.7051310888150844], "val_decoded_mean_acc": [0.716695702657467], "val_decoded_mean_mean_squared_error": [0.00919495175433595], "val_qspr_acc": [0.0], "val_qspr_mean_squared_error": [1.7051310888150844], "loss": [8.633048957062803], "decoded_mean_loss": [6.27192919534843], "qspr_loss": [2.3611197364900267], "decoded_mean_acc": [0.6480711777358186], "decoded_mean_mean_squared_error": [0.011750950760982752], "qspr_acc": [0.0], "qspr_mean_squared_error": [2.3611197364900267]}