{"val_loss": [10.248976707458496, 6.630108833312988, 5.984551906585693, 5.297101020812988, 4.898499011993408, 4.648287296295166, 4.397597789764404, 4.14796257019043, 4.009171485900879, 3.9212045669555664], "val_decoded_mean_loss": [9.110276222229004, 6.12896728515625, 5.524240970611572, 5.106773853302002, 4.721796035766602, 4.503713130950928, 4.287038803100586, 4.0768632888793945, 3.9436399936676025, 3.829019784927368], "val_qspr_loss": [1.1387008428573608, 0.501141369342804, 0.4603109359741211, 0.19032709300518036, 0.17670314013957977, 0.1445743590593338, 0.11055908352136612, 0.07109907269477844, 0.06553161144256592, 0.09218473732471466], "val_decoded_mean_acc": [0.6863492131233215, 0.6888889074325562, 0.6933333277702332, 0.7022222280502319, 0.6971428394317627, 0.7041270136833191, 0.7028571367263794, 0.7123809456825256, 0.7180952429771423, 0.7200000286102295], "val_decoded_mean_mean_squared_error": [0.019082359969615936, 0.01214095950126648, 0.01136383879929781, 0.01086184661835432, 0.01043033692985773, 0.010203330777585506, 0.009836583398282528, 0.009575090371072292, 0.009321649558842182, 0.009157014079391956], "val_qspr_acc": [0.0, 0.0, 0.0, 0.0, 0.0, 0.0, 0.0, 0.0, 0.0, 0.0], "val_qspr_mean_squared_error": [1.1387008428573608, 0.501141369342804, 0.4603109359741211, 0.19032709300518036, 0.17670314013957977, 0.1445743590593338, 0.11055908352136612, 0.07109907269477844, 0.06553161144256592, 0.09218473732471466], "loss": [16.77317682423986, 9.573497926382194, 7.389213149708913, 6.498165184393861, 5.754235877130265, 5.3415238193999555, 4.903581307346659, 4.575406805913251, 4.387023083249429, 4.230165841884183], "decoded_mean_loss": [14.236181775430092, 8.71101443211835, 6.840457199211407, 6.119825958309317, 5.568811154903326, 5.15411376953125, 4.70550098634304, 4.412350536289072, 4.216522629099681, 4.09014310155596], "qspr_loss": [2.5369954413937448, 0.8624835007620933, 0.5487557564462934, 0.378339172529995, 0.1854247818315836, 0.18740997569901602, 0.19808016011589452, 0.1630562366287511, 0.17050045022838994, 0.14002267254474468], "decoded_mean_acc": [0.3697099923191214, 0.6287862497164791, 0.6262799779275307, 0.6347296757805616, 0.640386682703979, 0.6436806159808224, 0.660007149205172, 0.6708198982970159, 0.6814894299758109, 0.6898675103832904], "decoded_mean_mean_squared_error": [0.02639810435641977, 0.016869074328893556, 0.013383407705932632, 0.012802041373810823, 0.012147295057661552, 0.011582470604015472, 0.010827278907417803, 0.010333269365355932, 0.01000901189093527, 0.00972918258573776], "qspr_acc": [0.0, 0.0, 0.0, 0.0, 0.0, 0.0, 0.0, 0.0, 0.0, 0.0], "qspr_mean_squared_error": [2.5369954413937448, 0.8624835007620933, 0.5487557564462934, 0.378339172529995, 0.1854247818315836, 0.18740997569901602, 0.19808016011589452, 0.1630562366287511, 0.17050045022838994, 0.14002267254474468]}