{"loss": [6.669921997244221], "val_anion_decoded_mean_mean_squared_error": [0.0012862203698043864], "cation_decoded_mean_mean_squared_error": [0.004017014759071635], "val_cation_decoded_mean_loss": [1.5216024674422353], "val_cation_decoded_mean_mean_squared_error": [0.0033873296342790127], "val_loss": [2.2920855765647077], "qspr_acc": [0.0], "val_cation_decoded_mean_acc": [0.9109757474973692], "val_qspr_mean_squared_error": [0.05140654946155582], "anion_decoded_mean_mean_squared_error": [0.002523576511431854], "val_anion_decoded_mean_acc": [0.9565030869017256], "qspr_loss": [4.008014858910053], "val_qspr_acc": [0.0], "anion_decoded_mean_loss": [1.0178391610891455], "qspr_mean_squared_error": [4.008014858910053], "val_qspr_loss": [0.05140654946155582], "cation_decoded_mean_loss": [1.644067967316797], "cation_decoded_mean_acc": [0.8954875622718839], "anion_decoded_mean_acc": [0.9287005729263107], "val_anion_decoded_mean_loss": [0.7190765569396053]}