{"val_loss": [12.074202537536621], "val_decoded_mean_loss": [11.060654640197754], "val_qspr_loss": [1.0135480165481567], "val_decoded_mean_acc": [0.44063490629196167], "val_decoded_mean_mean_squared_error": [0.019453823566436768], "val_qspr_acc": [0.0], "val_qspr_mean_squared_error": [1.0135480165481567], "loss": [15.98932987586], "decoded_mean_loss": [13.651709950956187], "qspr_loss": [2.337619638084469], "decoded_mean_acc": [0.36770498394069817], "decoded_mean_mean_squared_error": [0.020761080926522277], "qspr_acc": [0.0], "qspr_mean_squared_error": [2.337619638084469]}