{"val_anion_decoded_mean_mean_squared_error": [0.0002811066806316376], "val_loss": [15.328825950622559], "val_cation_decoded_mean_loss": [0.003260508179664612], "cation_decoded_mean_mean_squared_error": [1.325186642810018e-05], "anion_decoded_mean_mean_squared_error": [0.0006439796608699705], "val_anion_decoded_mean_loss": [0.0861157551407814], "anion_decoded_mean_loss": [0.505157114399804], "val_cation_decoded_mean_mean_squared_error": [6.40011847963251e-08], "val_cation_decoded_mean_acc": [1.0], "val_qspr_acc": [1.0], "anion_decoded_mean_acc": [0.976702504687839], "cation_decoded_mean_loss": [0.005140738173698385], "val_anion_decoded_mean_acc": [0.992668628692627], "val_qspr_mean_squared_error": [15.239449501037598], "qspr_acc": [0.7888888888888889], "loss": [20.56979446411133], "qspr_mean_squared_error": [20.059496943155924], "cation_decoded_mean_acc": [0.9992831548055013], "qspr_loss": [20.059496943155924], "val_qspr_loss": [15.239449501037598]}