{"val_loss": [7.717373921320989], "val_decoded_mean_loss": [6.872284461290408], "val_qspr_loss": [0.8450894600305802], "val_decoded_mean_acc": [0.6735042669834235], "val_decoded_mean_mean_squared_error": [0.011910587191008605], "val_qspr_acc": [0.0], "val_qspr_mean_squared_error": [0.8450894600305802], "loss": [11.676949789864675], "decoded_mean_loss": [10.669180376870292], "qspr_loss": [1.0077693918773105], "decoded_mean_acc": [0.5015510204860142], "decoded_mean_mean_squared_error": [0.018236124201544694], "qspr_acc": [0.0], "qspr_mean_squared_error": [1.0077693918773105]}