{"qspr_mean_squared_error": [3.5060977939790536, 1.0302840927683767, 1.026004106776823, 1.025529708762552, 0.958902983145999, 0.9579161352863768, 0.917826055986349, 0.9416468485775186, 0.8880116099292107, 0.8947181689426323, 0.8912535420013693, 0.8783773606360394, 0.8793410882339079, 0.7876160189918167, 0.8033095379246982, 0.8280404117042929, 0.7874300232741968, 0.7486280343025329, 0.7693465349823384, 0.7754140167940244, 0.7375136314940354, 0.7190202033940871, 0.7003050559673268, 0.6805355735189326, 0.7019183182118794, 0.6692844511066548, 0.6470856588927156, 0.6085231128189722, 0.6050162997051929, 0.5808705606944278, 0.5617151500817843, 0.5418857288755843, 0.5281271213536576, 0.5182362484442592, 0.5094030683848052, 0.5069717443010523, 0.49446448537285614, 0.48092999418553034, 0.48945500856794405, 0.4542717847194525, 0.44074281537841004, 0.4204867392019664, 0.4270881875358391, 0.41958987664630576, 0.3832234293428285, 0.37400510366649486, 0.36768795993345976, 0.35294699511844213, 0.3329796253170326, 0.33249334511917816], "cation_decoded_mean_mean_squared_error": [0.00015880179943093188, 0.00011933088389600932, 0.0002274632515074841, 3.993606850854189e-05, 2.2125882284754457e-05, 2.252329718353729e-05, 2.295857971418645e-05, 9.391399387531329e-05, 9.735571287922017e-05, 2.954134114346866e-05, 2.8844144142399636e-05, 3.774126016621215e-05, 0.00013844942133928113, 0.00020495293280452557, 0.00026782491173184367, 0.0014076225520214735, 0.0011850055097156588, 0.0009012395739104127, 0.0010518845772939194, 0.0013788426816459794, 0.0006981331897120512, 0.00038894967301625544, 0.00021781222733031634, 0.00024372703664265588, 0.00014059338552369738, 0.00014671841076268897, 9.119438664669846e-05, 6.904843970968263e-05, 0.0001391852349061759, 0.00010665208783088022, 7.821566302471058e-05, 5.6477275615745445e-05, 0.0001602824523480281, 0.0004378124730062456, 0.0008705321300347658, 0.0005499740933470255, 0.000398843535291509, 0.00019619153779779387, 0.00016596047644464436, 0.00013991890159200274, 0.0006033806364829096, 0.0006848270374689065, 0.00034295400931921816, 0.0017600806096910759, 0.0007420976614814457, 0.0006095914750143342, 0.0007218500505388445, 0.0004860647135044145, 0.0003173147431333614, 0.00030500611653226016], "val_qspr_loss": [0.10359834641852278, 0.03802777499171859, 0.05697840050602636, 0.18114525967455924, 0.1294853651354499, 0.1006059096003255, 0.10068625301545393, 0.02606057699320587, 0.02033712737367931, 0.0467332753200903, 0.020354658807792986, 0.06311499565205675, 0.05993289569168226, 0.027495144873012044, 0.10395902300134618, 0.04889194165349852, 0.13312521323244622, 0.046393748293531704, 0.09735006020001485, 0.06522162757972454, 0.09717174994607344, 0.04202483113564498, 0.03417060781825096, 0.01757051391487426, 0.048047010938749246, 0.07796706158852747, 0.030317716683584746, 0.051422180858909664, 0.03217106604459861, 0.016334157476716852, 0.015079464433146707, 0.055749418095071265, 0.008893258096848397, 0.023019649405428704, 0.014078877602063172, 0.013109927323270352, 0.02120327726270713, 0.0632725956169426, 0.06679394841194153, 0.013119614253758538, 0.01721765271368179, 0.021830181743130617, 0.031107867255489877, 0.09183615292851807, 0.08650011976137228, 0.05411299820064653, 0.03694641381396469, 0.04098990345571903, 0.02604054255371398, 0.09881576573383724], "anion_decoded_mean_loss": [0.16963893120425774, 0.10097609898536804, 0.09835045347558174, 0.12643431955501835, 0.21958033724934103, 0.24636471247988292, 2.506560224646385, 0.9866823196199394, 1.200035378110463, 1.0507458841069013, 0.787066916659995, 0.4017001483622495, 0.27743293617000847, 0.5789740991846495, 0.24641184692013915, 0.27340162794971595, 0.45278682034938367, 0.2564439034589019, 0.4167554676356296, 0.3774053014157579, 0.30640130276413674, 0.18511131293784944, 0.21443605993493717, 0.5906944544399564, 0.46977040434533, 0.3769603600181111, 0.3020688035748333, 0.1644161440268856, 0.38503945397276695, 0.7894577335530257, 0.5033082735357328, 0.4175880785545513, 0.6602924813268122, 0.33255943311303, 0.22052929698185783, 0.26867946719473956, 0.3208181067921834, 0.2709117269572455, 0.8810193470438628, 0.8977073613816708, 0.4263456649791566, 0.23394926200257454, 0.20573617752920081, 0.15120169718001564, 0.14310044307244796, 1.0192468378325998, 0.7072477451508535, 0.8514595768709071, 0.3894100247672589, 0.35789425156162125], "val_anion_decoded_mean_loss": [0.07262702000902053, 0.08023627694194199, 0.06803633848614726, 0.10312967750091925, 0.09901956257456583, 1.3617920791003721, 1.3452061237172876, 0.5689698609899967, 0.7248206924884877, 0.9283423381494292, 0.46063437888808284, 0.26031083544940814, 0.23161810678793182, 0.252602921944138, 1.0044124891571964, 0.19179880302003088, 0.22752161841865973, 0.13009949905652526, 0.26253366089881736, 0.2613199271842943, 0.15329521746500163, 0.10081026372863046, 0.11512702935976339, 0.43279214192789495, 0.2171705385260548, 0.2536262756755166, 0.13298591152361944, 0.10630825183070297, 1.7181809202153633, 0.41364277973242686, 0.37550445968377677, 0.8534150085550674, 0.3177927480944505, 0.15142621385290267, 0.14024271604651256, 0.21574119864203406, 0.19426606204492827, 0.4960301873531747, 1.1485958217729069, 0.7017768042307373, 0.23115772156850667, 0.14092654076979516, 0.12085927214394225, 0.10090014075609387, 0.10959868994376339, 0.46456181770520855, 0.41003197938837904, 0.4325051225246267, 0.3563968740033765, 0.26332974793217706], "val_qspr_mean_squared_error": [0.10359834641852278, 0.03802777499171859, 0.05697840050602636, 0.18114525967455924, 0.1294853651354499, 0.1006059096003255, 0.10068625301545393, 0.02606057699320587, 0.02033712737367931, 0.0467332753200903, 0.020354658807792986, 0.06311499565205675, 0.05993289569168226, 0.027495144873012044, 0.10395902300134618, 0.04889194165349852, 0.13312521323244622, 0.046393748293531704, 0.09735006020001485, 0.06522162757972454, 0.09717174994607344, 0.04202483113564498, 0.03417060781825096, 0.01757051391487426, 0.048047010938749246, 0.07796706158852747, 0.030317716683584746, 0.051422180858909664, 0.03217106604459861, 0.016334157476716852, 0.015079464433146707, 0.055749418095071265, 0.008893258096848397, 0.023019649405428704, 0.014078877602063172, 0.013109927323270352, 0.02120327726270713, 0.0632725956169426, 0.06679394841194153, 0.013119614253758538, 0.01721765271368179, 0.021830181743130617, 0.031107867255489877, 0.09183615292851807, 0.08650011976137228, 0.05411299820064653, 0.03694641381396469, 0.04098990345571903, 0.02604054255371398, 0.09881576573383724], "val_anion_decoded_mean_acc": [0.9825840807975607, 0.983299011879779, 0.9840139564892925, 0.9807824234590463, 0.9815545623184095, 0.8739704882844965, 0.8383379050180422, 0.9364275919630173, 0.9226149663012079, 0.8942175727364019, 0.9472660709780159, 0.9671985824057396, 0.9690860247781091, 0.9714024269834478, 0.9253031323987542, 0.9742049942625329, 0.9731754791652057, 0.9815831590206066, 0.9719743720183136, 0.9663120609648684, 0.976921761289556, 0.9812971860804456, 0.9787806044233606, 0.9410889930758916, 0.97120223738623, 0.9656829149165052, 0.9818119436291093, 0.9795527365190763, 0.8090539878987252, 0.9435483864013184, 0.9475520473000005, 0.892301525207276, 0.9621940039573832, 0.9776938976125514, 0.9800674898404602, 0.9694577852884928, 0.9814687789754665, 0.9390585629652578, 0.8492049815806937, 0.9175245943644368, 0.972203161699552, 0.9797815177457553, 0.9793811444695114, 0.9807252309001084, 0.9808968111132899, 0.9460649722856833, 0.9517844873117217, 0.9506405892101586, 0.9500400398639922, 0.9655113211760284],