{"cation_decoded_mean_loss": [0.01608959882387093, 0.025337090050535544, 0.019996491755758013, 0.013694708405860833, 0.013545677281383957, 0.009435206013066428, 0.01228300719921078, 0.016068188258047615, 0.01398471401738269, 0.014543882619057383, 0.02227642098175628, 0.0322908689214715, 0.027588700119938168, 0.030109342017344064, 0.07186742955020496, 0.044710226085569175, 0.021868641914001532, 0.010754948279687336, 0.009551347595240388, 0.01677070408261248, 0.007426030649138348, 0.008534023088536092, 0.007687801239745958, 0.005656980159027236, 0.005555255080440215, 0.006122738628515176, 0.007502352355846337, 0.009304517661886556, 0.006550215275159904, 0.005262741574219295], "val_anion_decoded_mean_mean_squared_error": [0.0030890532339421604, 0.0013701515317034835, 0.0010632554424377398, 0.0008222909764299402, 0.0007728891453506292, 0.0007007752010803159, 0.0008402833196575954, 0.000768054278485882, 0.0008282295961506838, 0.0008168549199278156, 0.0008358204616369081, 0.0007451721284697809, 0.0007508984436704407, 0.0011386391566980902, 0.001091387431752257, 0.0010024384487529949, 0.0008572698559339059, 0.0006454940848532085, 0.0006682610827204791, 0.0005618187853793316, 0.0007348250530743628, 0.000669188032941584, 0.000746502554158304, 0.0006977067835531414, 0.00089913584326076, 0.000999405154026625, 0.0009375646531785046, 0.00104556585547354, 0.000737603288568377, 0.0010744931579394618], "val_anion_decoded_mean_acc": [0.8966087943468338, 0.9437551697095236, 0.9458229908576379, 0.9499586545504056, 0.9499586545504056, 0.9499586545504056, 0.9495451022417117, 0.9495451022417117, 0.9487179487179487, 0.9491315010266427, 0.9495451022417117, 0.9495451022417117, 0.9487179487179487, 0.9495451022417117, 0.9503722068590995, 0.9503722068590995, 0.9495451022417117, 0.9495451022417117, 0.9495451022417117, 0.9499586545504056, 0.9499586545504056, 0.9495451022417117, 0.949958643852136, 0.9487179487179487, 0.9495451022417117, 0.9483043964092548, 0.9487179487179487, 0.9487179487179487, 0.9487179487179487, 0.9487179487179487], "val_cation_decoded_mean_loss": [0.003382015215137448, 0.005296142616619666, 0.008077705481973214, 0.011353807237285834, 0.015436874845853219, 0.017898032919336587, 0.014367721592768645, 0.01501964739499948, 0.018042835478599254, 0.01855634114681146, 0.022171909228349343, 0.01360405207826541, 0.022340087936474726, 0.030138247670271456, 0.04621065809176518, 0.02292225853754924, 0.020855659189132545, 0.027864810939018544, 0.022796323857246302, 0.03320884675933765, 0.030762687707558658, 0.03705119876525341, 0.036036136536261976, 0.03350773324760107, 0.03539358872251633, 0.04766520533042076, 0.03969517751381947, 0.036048867572576575, 0.03722391182031387, 0.03929600960169083], "cation_decoded_mean_acc": [0.9990322480882917, 0.9984331744057792, 0.9984792504991804, 0.9990783418927874, 0.9994930866786412, 0.999446999686105, 0.9994470092228481, 0.9992165810721261, 0.9994009235927037, 0.9991244179861886, 0.9985714163099016, 0.9977419335501535, 0.9978341007232666, 0.9974193464006696, 0.9960368646894182, 0.9960829366956439, 0.9981566769736153, 0.9994930853162493, 0.9994930907658168, 0.9990322603498186, 0.9996313367571149, 0.9994930921282087, 0.9997695868355887, 0.999907831464495, 0.9999539184570313, 0.9998156683785575, 0.9996774183000837, 0.9996774183000837, 0.9998156629289899, 1.0], "anion_decoded_mean_mean_squared_error": [0.0015826855560408149, 0.0010048161047909942, 0.0006549683552501457, 0.00031480034913069436, 0.00018821819702030294, 0.0001806397281221247, 0.00013262116762884294, 0.0001534301901951299, 0.00011162884728816737, 0.00014901151572952845, 0.0001232566439596537, 9.409817254761168e-05, 0.00010430804424686357, 0.00014664400165981663, 0.00014554637875984814, 0.00013482637852316008, 0.00010802959046226793, 7.346653912853591e-05, 9.295022180335114e-05, 9.106919925605845e-05, 9.0401301435382e-05, 8.441857741412864e-05, 0.00015492538855011974, 0.00025603019831968205, 0.00018742119993216225, 0.0002561158801628543, 0.0001544256298802793, 0.00016458088964489955, 0.0001158751236549246, 0.00012818401655100128], "qspr_acc": [0.0, 0.0, 0.0, 0.0, 0.0, 0.0, 0.0, 0.0, 0.0, 0.0, 0.0, 0.0, 0.0, 0.0, 0.0, 0.0, 0.0, 0.0, 0.0, 0.0, 0.0, 0.0, 0.0, 0.0, 0.0, 0.0, 0.0, 0.0, 0.0, 0.0], "val_qspr_acc": [0.0, 0.0, 0.0, 0.0, 0.0, 0.0, 0.0, 0.0, 0.0, 0.0, 0.0, 0.0, 0.0, 0.0, 0.0, 0.0, 0.0, 0.0, 0.0, 0.0, 0.0, 0.0, 0.0, 0.0, 0.0, 0.0, 0.0, 0.0, 0.0, 0.0], "val_cation_decoded_mean_mean_squared_error": [1.1993210917146312e-06, 5.204336129958019e-06, 1.7569117645530823e-05, 3.974476791112326e-05, 5.685142054855346e-05, 4.9981720318707325e-05, 4.296765762727516e-05, 5.440872262578266e-05, 6.0079793165175193e-05, 6.444488938611287e-05, 7.098162612424065e-05, 4.7872288865992465e-05, 8.528109398097373e-05, 0.00010043236677749798, 0.00016837546046679982, 5.993472885352392e-05, 6.400862632570072e-05, 0.00011445485646478258, 9.276812227490621e-05, 0.00012438508453599823, 0.00010477724441816696, 0.0001347172014319744, 0.00014603830268009542, 0.00012989575491071894, 0.00014368076555024928, 0.00018718670187995603, 0.00014880531951068685, 0.0001444601041909594, 0.00015837434927025475, 0.0001555608252648455], "val_qspr_mean_squared_error": [0.9220320215592017, 0.9075462925128448, 0.9286227936928089, 0.9399591309901996, 0.9109615675913982, 0.9231414000193278, 0.9477717173405182, 0.9032389223575592, 0.9729935075992193, 0.9632851022940415, 0.9707380418594067, 0.925726015216265, 0.8576264198009784, 0.925664463486427, 0.9143184064290463, 0.999088507432204, 1.0759066026180217, 0.9679265652711575, 0.9781078402048502, 1.0310413596721797, 1.020749942232401, 0.9647796001189795, 0.958500304665321, 1.1006289009864514, 1.0515236724645665, 0.9727316750929906, 0.9511728340234512, 0.9256622963226758, 0.9126039521816449, 1.037737142199125], "anion_decoded_mean_acc": [0.9601382531438555, 0.971658980846405, 0.9821658941677639, 0.9891244224139623, 0.9921658900805882, 0.9932258064406259, 0.9936405444145202, 0.9939631329263959, 0.9940092171941485, 0.9929032179287501, 0.9935483854157584, 0.9942396303585598, 0.994101380280086, 0.9942857132639203, 0.9943778831618173, 0.9943778831618173, 0.994285717351096, 0.9942396317209516, 0.9940092171941485, 0.9943318002564566, 0.9943318002564566, 0.9942396317209516, 0.992488477230072, 0.9910599044391087, 0.992119813987187, 0.9920737283570426, 0.9930875481878008, 0.9936866354942322, 0.9941474672726223, 0.9940552987371172], "val_cation_decoded_mean_acc": [1.0, 1.0, 0.9995864476913061, 0.99834572046231, 0.9987592834692735, 0.9987592834692735, 0.999172873986073, 0.99834572046231, 0.9979321849651825, 0.9975185837501135, 0.9987593002808399, 0.9987593002808399, 0.997932146757077, 0.997932174266913, 0.9962779054274926, 0.9987593216773791, 0.9987593216773791, 0.9971050314414196, 0.9979321681536161, 0.9966914898309952, 0.9979321788518857, 0.9971050635362283, 0.9971050635362283, 0.9975186265431918, 0.9962779268240317, 0.9958643363072321, 0.9966914898309952, 0.9966914898309952, 0.9962779268240317, 0.9962779268240317], "val_anion_decoded_mean_loss": [1.314885825682909, 0.35885137739853984, 0.23283990568075424, 0.17003363208510938, 0.1539159760070153, 0.14553125785329404, 0.16800441201298666, 0.15431186783676729, 0.16140685120645243, 0.15462262243127975, 0.15861152730977687, 0.13984119887344348, 0.1399184555436174, 0.24617244298450458, 0.2326127432812101, 0.21794503499777654, 0.16393078211694956, 0.13181330612263617, 0.13214516181212205, 0.12308230934043725, 0.13824471673713282, 0.13209829388711697, 0.15027707733978063, 0.14020876481364936, 0.17371508639114788, 0.19363558497757483, 0.1755185859182324, 0.21639926514277855, 0.14349348000131357, 0.21859419993005502],