{"val_loss": [3.665038932299783], "val_decoded_mean_loss": [3.3923763467910444], "val_qspr_loss": [0.2726625776882713], "val_decoded_mean_acc": [0.7331475953683786], "val_decoded_mean_mean_squared_error": [0.008391592674723542], "val_qspr_acc": [0.0], "val_qspr_mean_squared_error": [0.2726625776882713], "loss": [9.437507945309736], "decoded_mean_loss": [4.634075582815576], "qspr_loss": [4.803432364246891], "decoded_mean_acc": [0.6867123401939034], "decoded_mean_mean_squared_error": [0.010371184983763654], "qspr_acc": [0.0], "qspr_mean_squared_error": [4.803432364246891]}