{"loss": [6.372057411388848], "val_anion_decoded_mean_mean_squared_error": [0.0020777810172274195], "cation_decoded_mean_mean_squared_error": [4.13878225294855e-05], "val_cation_decoded_mean_loss": [0.019671482451517005], "val_cation_decoded_mean_mean_squared_error": [5.404431846241566e-05], "val_loss": [0.9026458510037126], "qspr_acc": [0.0], "val_cation_decoded_mean_acc": [0.9987022636950701], "val_qspr_mean_squared_error": [0.2953103383382161], "anion_decoded_mean_mean_squared_error": [0.002807158357583726], "val_anion_decoded_mean_acc": [0.9417871627314337], "qspr_loss": [5.507485191357403], "val_qspr_acc": [0.0], "anion_decoded_mean_loss": [0.847289855125994], "qspr_mean_squared_error": [5.507485191357403], "val_qspr_loss": [0.2953103383382161], "cation_decoded_mean_loss": [0.017282395035968706], "cation_decoded_mean_acc": [0.9989693857991276], "anion_decoded_mean_acc": [0.9267546129683717], "val_anion_decoded_mean_loss": [0.5876640108810074]}