{"loss": [6.117869473937759], "val_qspr_mean_squared_error": [0.9947870969772339], "val_qspr_loss": [0.9947870969772339], "decoded_anion_mean_acc": [0.8115449960070446], "val_loss": [3.652676582336426], "val_decoded_anion_mean_loss": [1.3637921810150146], "val_decoded_anion_mean_acc": [0.8473118543624878], "decoded_anion_mean_loss": [2.076531403943112], "decoded_cation_mean_acc": [0.8174872653824943], "qspr_loss": [2.5937029410125616], "val_decoded_cation_mean_acc": [0.8387096524238586], "decoded_cation_mean_loss": [1.4476351576640194], "val_qspr_acc": [0.0], "decoded_cation_mean_mean_squared_error": [0.00618444854057485], "qspr_mean_squared_error": [2.5937029410125616], "val_decoded_anion_mean_mean_squared_error": [0.005064922850579023], "val_decoded_cation_mean_loss": [1.2940971851348877], "qspr_acc": [0.0], "val_decoded_cation_mean_mean_squared_error": [0.005612673703581095], "decoded_anion_mean_mean_squared_error": [0.007125662947843846]}