{"decoded_cation_mean_loss": [1.7641956401760583, 1.226303508396047, 1.0849317745835865, 1.0227119356352643, 0.9531744425880714, 0.9142727799756254, 0.8559937756490209, 0.8355742865750275, 0.8724726691315672, 0.8223481952779411], "decoded_anion_mean_loss": [1.37695604582757, 0.40494671481023153, 0.2685843301179354, 0.24677740952331967, 0.18815727648660702, 0.18213641464133834, 0.14751234124498253, 0.15777529878731142, 0.2703833928857773, 0.19274469617205023], "val_qspr_loss": [0.26499081344891945, 0.09506152068258178, 0.12280553891092327, 0.31524732074839, 0.17001146722769905, 0.17892858259221342, 0.08607535640187297, 0.17198068685565435, 0.05437189592907192, 0.0761189656794494], "val_decoded_anion_mean_loss": [0.4517072570239398, 0.3038883674229291, 0.23102620307435381, 0.21710273940512476, 0.18686178384731847, 0.14945742588305305, 0.1266847569891747, 0.1327194848910291, 0.3395164619523583, 0.13872025730022303], "val_qspr_mean_squared_error": [0.26499081344891945, 0.09506152068258178, 0.12280553891092327, 0.31524732074839, 0.17001146722769905, 0.17892858259221342, 0.08607535640187297, 0.17198068685565435, 0.05437189592907192, 0.0761189656794494], "val_decoded_anion_mean_acc": [0.9521848529788619, 0.9676275439296208, 0.9733184694398379, 0.9734614537962785, 0.9753202960846272, 0.9812113951283989, 0.9817833426996325, 0.9808968178769375, 0.9595058251779975, 0.9798387077683253], "val_decoded_cation_mean_acc": [0.8450297379324622, 0.8669926798935478, 0.8784603058023656, 0.8878975066732853, 0.8979638548607521, 0.9023392847243775, 0.9122340370577278, 0.9126630095725364, 0.8921299526031982, 0.9146362437424085], "decoded_cation_mean_acc": [0.8087052860296712, 0.854514029526207, 0.8754941818392769, 0.8854033369883433, 0.8950291893198478, 0.900631538869268, 0.9081947075231367, 0.9114383379453641, 0.9066445132155425, 0.9117311889870717], "loss": [8.09861540624981, 2.8554637534203837, 2.510070834189024, 2.401755747908974, 2.2556536329881856, 2.199661285090969, 2.065642410042678, 2.023166777420872, 2.1617685542060516, 2.0647796733105985], "val_decoded_anion_mean_mean_squared_error": [0.0015701008217528145, 0.0010099354782554565, 0.000723621440479195, 0.0006859276570868513, 0.0005712170286578, 0.00039809500661939514, 0.0003112666966941196, 0.0003435451056744659, 0.0012494718419810665, 0.0004052389511163181], "qspr_acc": [0.0, 0.0, 0.0, 0.0, 0.0, 0.0, 0.0, 0.0, 0.0, 0.0], "val_qspr_acc": [0.0, 0.0, 0.0, 0.0, 0.0, 0.0, 0.0, 0.0, 0.0, 0.0], "qspr_loss": [4.957463690626191, 1.2242135313669087, 1.1565547281170776, 1.1322664199718622, 1.1143219186070639, 1.1032520905387033, 1.0621362907283753, 1.0298171862121726, 1.0189124941708234, 1.0496867741968168], "val_decoded_cation_mean_mean_squared_error": [0.005431593841615509, 0.004734436472785388, 0.0043287920280102084, 0.0041773912582731415, 0.003851504915506176, 0.003670531675113854, 0.00336588669819295, 0.0032990175639510365, 0.003918072715705485, 0.0032043234801831396], "val_loss": [2.0470275464632834, 1.5461943530021829, 1.4021542807842822, 1.5466194321923221, 1.3025980063364015, 1.2321393887201946, 1.0506318934420322, 1.1269492460480819, 1.3540656093164538, 1.0067515741003321], "qspr_mean_squared_error": [4.957463690626191, 1.2242135313669087, 1.1565547281170776, 1.1322664199718622, 1.1143219186070639, 1.1032520905387033, 1.0621362907283753, 1.0298171862121726, 1.0189124941708234, 1.0496867741968168], "decoded_anion_mean_acc": [0.88638056566759, 0.9551493867228952, 0.9681207318853668, 0.9703011909532481, 0.9762950670632098, 0.9772181790068419, 0.980172145489007, 0.9785423701934521, 0.9664654935255591, 0.9742069157453973], "decoded_cation_mean_mean_squared_error": [0.006621830295333912, 0.005065648106592357, 0.004484705804057385, 0.004217566233602517, 0.003896820038428024, 0.003721517523808009, 0.0034577783145883895, 0.0033571140043226477, 0.0035209942394759095, 0.0033308196293536773], "val_decoded_cation_mean_loss": [1.3303294875097613, 1.1472444821756782, 1.0483225381120722, 1.014269361259244, 0.9457247887097352, 0.9037533605352361, 0.837871787818611, 0.8222490633633119, 0.9601772769968561, 0.7919123599715266], "decoded_anion_mean_mean_squared_error": [0.004223967190498851, 0.00143730777288409, 0.0008959988261607387, 0.0008141455815708732, 0.0005617953049971439, 0.000534232207488023, 0.0003951855285923236, 0.00044466144999811576, 0.0009252880262944333, 0.0006320604491306722]}