{"val_loss": [3.955485497397938], "val_decoded_mean_loss": [3.3994437250597724], "val_qspr_loss": [0.5560417538401724], "val_decoded_mean_acc": [0.7428571533882755], "val_decoded_mean_mean_squared_error": [0.008340917078071627], "val_qspr_acc": [0.0], "val_qspr_mean_squared_error": [0.5560417538401724], "loss": [16.07488276630926], "decoded_mean_loss": [6.003439344918005], "qspr_loss": [10.071443470369893], "decoded_mean_acc": [0.6600638993251057], "decoded_mean_mean_squared_error": [0.012654119164656145], "qspr_acc": [0.0], "qspr_mean_squared_error": [10.071443470369893]}