{"val_loss": [7.632601151099572, 6.81964156566522, 6.195963969597449, 5.8276621867448855, 5.495234941824888, 5.343184899061154, 5.2648959037585135, 5.140069264632005, 5.098840896899883, 4.919137563460913], "val_decoded_mean_loss": [6.804121384253869, 5.917347467862642, 5.320332233722393, 4.893356690040002, 4.5924051113617725, 4.438134303459754, 4.332582522661258, 4.202968352880234, 4.177886962890625, 3.9966859878637853], "val_qspr_loss": [0.8284795880317688, 0.9022941956153283, 0.8756315570611221, 0.9343054860066144, 0.9028296027428064, 0.905050399975899, 0.9323135492129203, 0.937100901053502, 0.9209537765918634, 0.9224515205774552], "val_decoded_mean_acc": [0.6820513086441236, 0.6837606628735861, 0.6910867033860623, 0.7050061057775449, 0.7074481187722622, 0.715018324362926, 0.719658110386286, 0.7184371245213044, 0.7206348975499471, 0.7313797229375595], "val_decoded_mean_mean_squared_error": [0.011535355104849888, 0.0106735186269268, 0.010214859357055945, 0.009733205374616843, 0.009396334059345417, 0.009244524563352266, 0.009156760759651661, 0.009000269839396844, 0.009021010440893663, 0.008672008410287209], "val_qspr_acc": [0.0, 0.0, 0.0, 0.0, 0.0, 0.0, 0.0, 0.0, 0.0, 0.0], "val_qspr_mean_squared_error": [0.8284795880317688, 0.9022941956153283, 0.8756315570611221, 0.9343054860066144, 0.9028296027428064, 0.905050399975899, 0.9323135492129203, 0.937100901053502, 0.9209537765918634, 0.9224515205774552], "loss": [11.65713462284633, 7.328447549002511, 6.394419642857143, 5.921337590898786, 5.598593030657087, 5.349803439549038, 5.183221817016602, 5.039904087611607, 4.951669717516218, 4.814782153538295], "decoded_mean_loss": [10.673027458190917, 6.392778216770717, 5.50177695955549, 5.018274721418108, 4.6945194843837195, 4.500659596579416, 4.349370119912284, 4.192994828905378, 4.108539142608643, 3.9814074271065847], "qspr_loss": [0.9841072249412537, 0.9356693707193647, 0.8926426884106228, 0.9030628299713135, 0.9040735306058612, 0.8491438797542027, 0.8338517887251717, 0.8469092208998544, 0.8431305364200047, 0.8333747455051967], "decoded_mean_acc": [0.5033469329561506, 0.6881360493387495, 0.7023945621081761, 0.7109659814834595, 0.7186938796724592, 0.7206530567577907, 0.7267210882050651, 0.7307482947622027, 0.7343401455879212, 0.7399183699062892], "decoded_mean_mean_squared_error": [0.01797511339187622, 0.011233423128724098, 0.010175823702343873, 0.009733501811112676, 0.009322701256190027, 0.009154045310403619, 0.00897671244506325, 0.00879181937447616, 0.008708589311156954, 0.00849472283252648], "qspr_acc": [0.0, 0.0, 0.0, 0.0, 0.0, 0.0, 0.0, 0.0, 0.0, 0.0], "qspr_mean_squared_error": [0.9841072249412537, 0.9356693707193647, 0.8926426884106228, 0.9030628299713135, 0.9040735306058612, 0.8491438797542027, 0.8338517887251717, 0.8469092208998544, 0.8431305364200047, 0.8333747455051967]}