{"val_anion_decoded_mean_mean_squared_error": [0.00029926984028811975], "val_loss": [0.7013349834801837], "val_cation_decoded_mean_loss": [0.007908851446158648], "cation_decoded_mean_mean_squared_error": [3.0140823127376334e-05], "anion_decoded_mean_mean_squared_error": [0.0006087533617392533], "val_anion_decoded_mean_loss": [0.11325421003121004], "anion_decoded_mean_loss": [0.19642501787585778], "val_cation_decoded_mean_mean_squared_error": [1.776317015199772e-05], "val_cation_decoded_mean_acc": [0.9995597526985718], "val_qspr_acc": [0.9950372208436724], "anion_decoded_mean_acc": [0.9852895386987459], "cation_decoded_mean_loss": [0.015028576179542858], "val_anion_decoded_mean_acc": [0.9896341991187917], "val_qspr_mean_squared_error": [0.5801719183809408], "qspr_acc": [0.7298042459332782], "loss": [4.894409263728899], "qspr_mean_squared_error": [4.682955664841637], "cation_decoded_mean_acc": [0.9992484662497967], "qspr_loss": [4.682955664841637], "val_qspr_loss": [0.5801719183809408]}