{"val_loss": [5.321139126289181], "val_decoded_mean_loss": [3.7370875754007478], "val_qspr_loss": [1.5840515218129971], "val_decoded_mean_acc": [0.6995644554859255], "val_decoded_mean_mean_squared_error": [0.009081684552678248], "val_qspr_acc": [0.0], "val_qspr_mean_squared_error": [1.5840515218129971], "loss": [7.679570177847266], "decoded_mean_loss": [5.3327637602410585], "qspr_loss": [2.3468064156658732], "decoded_mean_acc": [0.6508808448461], "decoded_mean_mean_squared_error": [0.011670450020705282], "qspr_acc": [0.0], "qspr_mean_squared_error": [2.3468064156658732]}