{"val_loss": [2.9772932033538817], "val_acc": [0.3305918096065521], "loss": [3.200656948684185], "acc": [0.32681774223789295]}