{"loss": [2.0279656295737563], "val_anion_decoded_mean_mean_squared_error": [0.0004492259221279244], "cation_decoded_mean_mean_squared_error": [6.953482734639639e-05], "val_cation_decoded_mean_loss": [0.029543311948456417], "val_cation_decoded_mean_mean_squared_error": [8.162844890249266e-05], "val_loss": [1.0987680190946998], "qspr_acc": [0.0], "val_cation_decoded_mean_acc": [0.9981805638569158], "val_qspr_mean_squared_error": [0.9645243868595217], "anion_decoded_mean_mean_squared_error": [0.0011267842030019723], "val_anion_decoded_mean_acc": [0.9728560069712197], "qspr_loss": [1.7062714912399028], "val_qspr_acc": [0.0], "anion_decoded_mean_loss": [0.2991350065726028], "qspr_mean_squared_error": [1.7062714912399028], "val_qspr_loss": [0.9645243868595217], "cation_decoded_mean_loss": [0.02255913487102782], "cation_decoded_mean_acc": [0.9984193596851223], "anion_decoded_mean_acc": [0.9578698075153174], "val_anion_decoded_mean_loss": [0.10470033019054227]}