{"val_loss": [8.592437744140625], "val_decoded_mean_loss": [7.340701103210449], "val_qspr_loss": [1.251737117767334], "val_decoded_mean_acc": [0.6355555653572083], "val_decoded_mean_mean_squared_error": [0.011482634581625462], "val_qspr_acc": [0.0], "val_qspr_mean_squared_error": [1.251737117767334], "loss": [12.616057503492312], "decoded_mean_loss": [9.756379317520256], "qspr_loss": [2.859678137571292], "decoded_mean_acc": [0.5765127163184317], "decoded_mean_mean_squared_error": [0.0136534542657603], "qspr_acc": [0.0], "qspr_mean_squared_error": [2.859678137571292]}