{"loss": [2.0946849777286216, 1.4968175005195732, 1.3080874578397077, 2.078958186888157, 1.873297929763794, 1.3201592555619721, 0.9367936410401997, 0.7731647262895914, 0.6025756808151876, 0.4528654535910241, 0.48527526194439796, 0.3802856760365622, 0.3430887140277633, 0.31114347267867926, 0.31563663079326315, 0.3130125714872116, 0.30754762148498593, 0.28845403881225373, 0.28632285261064544, 0.23124545319636064, 0.2606331313911237, 0.2802103737691291, 0.2617067378714569, 0.21270205853576946, 0.22391396424824134], "val_loss": [2.159776449203491, 1.6092010736465454, 2.2400012016296387, 2.243532657623291, 1.6624433994293213, 1.2138417959213257, 0.9787939190864563, 0.8390675187110901, 0.7265331149101257, 0.6921851634979248, 0.6518835425376892, 0.6006951332092285, 0.630998969078064, 0.5914104580879211, 0.5402173399925232, 0.5300071835517883, 0.49930131435394287, 0.45931074023246765, 0.47388237714767456, 0.4616096317768097, 0.47167420387268066, 0.4325430989265442, 0.4462690055370331, 0.4522487223148346, 0.4528767466545105], "val_cation_decoded_mean_loss": [0.004380091559141874, 0.0028521909844130278, 0.0029042745009064674, 0.004279607906937599, 0.0032308038789778948, 0.009262993931770325, 0.0073248338885605335, 0.006616503465920687, 0.008862988092005253, 0.056410208344459534, 0.0850246325135231, 0.051570091396570206, 0.1341593712568283, 0.10283717513084412, 0.06886431574821472, 0.08712334930896759, 0.04004446789622307, 0.04587763175368309, 0.07081926614046097, 0.05158749595284462, 0.053206752985715866, 0.04156593233346939, 0.06260288506746292, 0.057165615260601044, 0.08083892613649368], "val_qspr_mean_squared_error": [0.8435577154159546, 0.35723814368247986, 0.28008392453193665, 0.16349643468856812, 0.14806827902793884, 0.16990014910697937, 0.08206267654895782, 0.07146938890218735, 0.07207649201154709, 0.06321655958890915, 0.05823708698153496, 0.06085817888379097, 0.031998105347156525, 0.05791247636079788, 0.0527963787317276, 0.030098319053649902, 0.0632648766040802, 0.024657931178808212, 0.026032250374555588, 0.03416416421532631, 0.03598080947995186, 0.01826067455112934, 0.0198904387652874, 0.02140527218580246, 0.01967722177505493], "cation_decoded_mean_loss": [0.0049917707919962424, 0.0037588779359383692, 0.008838857349036331, 0.00893198500065259, 0.018444622971845747, 0.002949925281345508, 0.006218342949055079, 0.004537384915060567, 0.003148359992310293, 0.0061617571233834765, 0.02873213202832617, 0.006106795851645389, 0.01104274286216307, 0.003608973404476629, 0.013066743563552549, 0.004124113880237914, 0.003144902163150167, 0.0027838702649718387, 0.0026774176473456216, 0.002461564247461414, 0.002364049782920489, 0.002221854051743123, 0.0022626368966149656, 0.002184961092679348, 0.0020762824828043243], "val_qspr_loss": [0.8435577154159546, 0.35723814368247986, 0.28008392453193665, 0.16349643468856812, 0.14806827902793884, 0.16990014910697937, 0.08206267654895782, 0.07146938890218735, 0.07207649201154709, 0.06321655958890915, 0.05823708698153496, 0.06085817888379097, 0.031998105347156525, 0.05791247636079788, 0.0527963787317276, 0.030098319053649902, 0.0632648766040802, 0.024657931178808212, 0.026032250374555588, 0.03416416421532631, 0.03598080947995186, 0.01826067455112934, 0.0198904387652874, 0.02140527218580246, 0.01967722177505493], "qspr_acc": [0.0, 0.0, 0.0, 0.0, 0.0, 0.0, 0.0, 0.0, 0.0, 0.0, 0.0, 0.0, 0.0, 0.0, 0.0, 0.0, 0.0, 0.0, 0.0, 0.0, 0.0, 0.0, 0.0, 0.0, 0.0], "anion_decoded_mean_loss": [0.5433443142731387, 0.69369877426696, 0.8569778462773875, 1.8314445448997325, 1.5518576305611689, 1.0644392929130928, 0.733143105766827, 0.5360503347968697, 0.3873736428138905, 0.30464908447032585, 0.24682717871172985, 0.20843077422980977, 0.18358000331467256, 0.16440724906392565, 0.15360076422978164, 0.14443724717300638, 0.1372566818630785, 0.13156867049690477, 0.1275517842487285, 0.12411399180055561, 0.1211317027533861, 0.11895246338799484, 0.11649135043634508, 0.1146482565629303, 0.11275404929778629], "val_cation_decoded_mean_mean_squared_error": [4.092411742817603e-08, 8.790350669585223e-09, 9.326374339480026e-08, 1.757928430379252e-06, 5.381940013649e-07, 2.2384254407370463e-05, 1.9066419554292224e-05, 2.038184175034985e-05, 1.842488745751325e-05, 0.0002831847232300788, 0.0003950992540922016, 0.0002510493213776499, 0.00044042241643182933, 0.00040934199932962656, 0.00031896770815365016, 0.0003572346759028733, 0.00020318325550761074, 0.00022948528931010514, 0.0003227455890737474, 0.0002557559637352824, 0.00028121814830228686, 0.00022778099810238928, 0.0003107000084128231, 0.0002835883351508528, 0.0003580205957405269], "cation_decoded_mean_mean_squared_error": [8.407743530497989e-06, 1.0061059895647979e-07, 1.819483756898596e-05, 1.4843064309248375e-05, 3.3321735122196306e-05, 1.867100146103615e-07, 1.3963676524825804e-05, 9.338822267205479e-06, 2.535655417537537e-06, 1.5343283223509446e-05, 4.773286562871292e-05, 1.6699442009906257e-05, 2.028699627445725e-05, 4.545757518507313e-06, 4.440836430586572e-05, 2.360674287908631e-06, 3.463193179516367e-07, 2.4221983176090376e-08, 6.378897543846964e-09, 5.912229528004103e-09, 1.5170502899010679e-09, 1.3359014909324157e-09, 9.083726498645659e-10, 1.1342997435227796e-09, 2.9754235650095975e-09], "val_qspr_acc": [0.0, 0.0, 0.0, 0.0, 0.0, 0.0, 0.0, 0.0, 0.0, 0.0, 0.0, 0.0, 0.0, 0.0, 0.0, 0.0, 0.0, 0.0, 0.0, 0.0, 0.0, 0.0, 0.0, 0.0, 0.0], "anion_decoded_mean_acc": [0.9648314346944479, 0.9261460089145747, 0.9102595121340644, 0.8357991697196674, 0.8488964330881161, 0.8778801766553319, 0.9120785683617556, 0.9328159138672334, 0.9465195110866002, 0.9553722869184681, 0.9616783973865939, 0.9642250806765449, 0.9668930311848346, 0.9679844791727855, 0.9678632119544467, 0.9681057463911243, 0.9682270279504303, 0.9687120968237856, 0.9684695480461407, 0.9684695480461407, 0.9682270136094631, 0.9683482808278019, 0.9687120824828184, 0.9687120968237856, 0.9688333640421244], "cation_decoded_mean_acc": [0.9995149167856776, 1.0, 0.9996361840040164, 0.9997574512223552, 0.9993936495673388, 1.0, 0.9997574512223552, 0.9997574512223552, 1.0, 0.9996361840040164, 0.9990298335713551, 0.9996361840040164, 0.9996361840040164, 0.9998787327816612, 0.9991511007896939, 1.0, 1.0, 1.0, 1.0, 1.0, 1.0, 1.0, 1.0, 1.0, 1.0], "val_cation_decoded_mean_acc": [1.0, 1.0, 1.0, 1.0, 1.0, 1.0, 0.998924732208252, 0.998924732208252, 1.0, 0.9924731254577637, 0.9903225898742676, 0.9935483932495117, 0.9913978576660156, 0.9903225898742676, 0.9924731254577637, 0.9913978576660156, 0.9946236610412598, 0.9946236610412598, 0.9924731254577637, 0.9946236610412598, 0.9935483932495117, 0.9935483932495117, 0.9935483932495117, 0.9924731254577637, 0.9924731254577637], "qspr_mean_squared_error": [1.5463488489613497, 0.7993598212873129, 0.4422707902757745, 0.23858169998441422, 0.3029956770570655, 0.2527700143873243, 0.19743218754691289, 0.23257698107482797, 0.21205367920990276, 0.14205461538823924, 0.20971595736822687, 0.16574811027910477, 0.14846596715593696, 0.14312724892358133, 0.14896912245373978, 0.16445122042992957, 0.16714603605126976, 0.15410150010558896, 0.15609364928607655, 0.10466988905704111, 0.13713737011403965, 0.1590360592406495, 0.14295275386114767, 0.09586884137383081, 0.10908363042469311], "val_anion_decoded_mean_loss": [1.3118386268615723, 1.2491106986999512, 1.9570128917694092, 2.075756549835205, 1.5111442804336548, 1.03467857837677, 0.8894064426422119, 0.7609816193580627, 0.6455936431884766, 0.5725584030151367, 0.5086218118667603, 0.48826682567596436, 0.4648415148258209, 0.43066081404685974, 0.41855666041374207, 0.41278553009033203, 0.3959919810295105, 0.38877516984939575, 0.3770308792591095, 0.37585797905921936, 0.38248664140701294, 0.37271648645401, 0.36377570033073425, 0.3736778199672699, 0.3523606061935425],