{"val_loss": [8.659528732299805, 6.1579766273498535], "val_decoded_mean_loss": [7.307962417602539, 5.528332710266113], "val_qspr_loss": [1.3515664339065552, 0.6296437382698059], "val_decoded_mean_acc": [0.6380952596664429, 0.6736508011817932], "val_decoded_mean_mean_squared_error": [0.011574921198189259, 0.010397199541330338], "val_qspr_acc": [0.0, 0.0], "val_qspr_mean_squared_error": [1.3515664339065552, 0.6296437382698059], "loss": [12.718827010993671, 7.870550281123111], "decoded_mean_loss": [9.64147010602449, 6.907406570319843], "qspr_loss": [3.077356975777705, 0.9631437327628746], "decoded_mean_acc": [0.5760830591495772, 0.6250626561336947], "decoded_mean_mean_squared_error": [0.013598559039147725, 0.01173312871723919], "qspr_acc": [0.0, 0.0], "qspr_mean_squared_error": [3.077356975777705, 0.9631437327628746]}