{"loss": [3.54208614894322], "val_qspr_mean_squared_error": [0.87740137332525], "val_qspr_loss": [0.87740137332525], "decoded_anion_mean_acc": [0.8707373244421822], "val_loss": [3.034751769823906], "val_decoded_anion_mean_loss": [0.8638164813701923], "val_decoded_anion_mean_acc": [0.8862696244166448], "decoded_anion_mean_loss": [1.2092243903023856], "decoded_cation_mean_acc": [0.824562212739672], "qspr_loss": [1.0052085617610387], "val_decoded_cation_mean_acc": [0.8110008392578516], "decoded_cation_mean_loss": [1.3276531532832554], "val_qspr_acc": [0.0], "decoded_cation_mean_mean_squared_error": [0.005803919985358204], "qspr_mean_squared_error": [1.0052085617610387], "val_decoded_anion_mean_mean_squared_error": [0.0034557914015096733], "val_decoded_cation_mean_loss": [1.2935339640348384], "qspr_acc": [0.0], "val_decoded_cation_mean_mean_squared_error": [0.00581175087688443], "decoded_anion_mean_mean_squared_error": [0.0049104837408023225]}