{"cation_decoded_mean_loss": [0.023680855156764533, 0.013599759478794453, 0.007008636294426724, 0.011293974456886133, 0.030351381561460014, 0.03013297883442606, 0.06431013197718433, 0.10010365387454581, 0.04405740635802809, 0.037323768750523414, 0.0308189021767126, 0.03369021081713775, 0.0216751034291961, 0.01949412550348729, 0.017326282480279336, 0.02434013917664298, 0.021780796649571235, 0.020664485966483244, 0.032439840338178004, 0.024810778665633058, 0.02301662524101345, 0.021106195805472332, 0.020718417109210435, 0.051835710041153546, 0.03674888875894844, 0.041824146828200584, 0.038261048084708114, 0.03432441286120814, 0.02612509805584154, 0.026358837662889555], "val_anion_decoded_mean_mean_squared_error": [0.0005310721864024626, 0.0003460727506765464, 0.00028101215473558196, 0.000189197280549748, 0.00018636325568156185, 0.0001842597716911288, 0.00016814454411177257, 0.0001586660227018712, 0.00015265417925871882, 0.00015797971288531237, 0.00019300467286369498, 0.00017428712257158664, 0.00016787483070203606, 0.00018485523148343815, 0.0017008549311658603, 0.000359353294258873, 0.00023662672632279532, 0.00021063094706847947, 0.00021407192910363399, 0.00017291233096580855, 0.0001804954682646131, 0.00018377649673217595, 0.0012837045882218357, 0.0003666447742504935, 0.00026468932726898836, 0.00021137807139036768, 0.0002118214043632137, 0.000206111546852863, 0.00021635719749950625, 0.00020326512697010912], "val_anion_decoded_mean_acc": [0.9811827944613051, 0.9833147875193892, 0.9845198201037001, 0.9862810530881773, 0.9862810530881773, 0.986188360329332, 0.9864664495676413, 0.986651824123558, 0.9866518350853317, 0.9865591423264866, 0.9857248759817803, 0.9860956675704868, 0.9862810530881773, 0.986188360329332, 0.9550426465341415, 0.9814608871251688, 0.9845198358612499, 0.9856321818527134, 0.9848906178584044, 0.9860956566087131, 0.986188360329332, 0.9860956566087131, 0.9589358554489311, 0.9841490429023216, 0.9854467853732493, 0.9860029576838701, 0.986002968645644, 0.9859102710910227, 0.9859102710910227, 0.9860956566087131], "val_cation_decoded_mean_loss": [0.0288549382025483, 0.008374815627440125, 0.007516844725321935, 0.008804731734696475, 0.01887507352378519, 0.007088986509104912, 0.024136270257248276, 0.008880934619141379, 0.005044939571820285, 0.0045125550194375814, 0.0051592826018987716, 0.004525678625715704, 0.004634087178695561, 0.004316818955268754, 0.004130175784123184, 0.008127063926277232, 0.004597935998202141, 0.004322721105036807, 0.00408866124002841, 0.003926293192506264, 0.004534208404446213, 0.005939524509708515, 0.004538659356941266, 0.0114449847746512, 0.005384392891849937, 0.0063077667728066444, 0.013247291348746111, 0.004791930625643367, 0.012053036398586186, 0.00404132724787783], "cation_decoded_mean_acc": [0.9985983680993223, 0.9992785712781425, 0.9997011202973679, 0.9994640814991423, 0.9978357169574823, 0.9976295972403627, 0.9951870519893999, 0.9936308351949381, 0.9960115426645493, 0.9964959263420714, 0.9969184790175563, 0.9966711294155913, 0.9977017436164637, 0.9979387837857865, 0.9981242926356891, 0.9975162335478078, 0.9974337848992394, 0.9979284753052953, 0.996939091789075, 0.997155517968126, 0.9976605192921794, 0.9977944968226619, 0.998010924220466, 0.9954447067202852, 0.9960115406459894, 0.9963104147880603, 0.9964443996310615, 0.9967123561773819, 0.9973616383707943, 0.9973925605749551], "anion_decoded_mean_mean_squared_error": [0.0007613589330195592, 0.0003767544671278685, 0.00020756718226643477, 0.00022071931032176728, 0.0001334615472309213, 0.0001302498731294731, 0.0001329925066345433, 0.00010911989272815659, 0.00010459071441232845, 0.00010223355153348544, 0.00011140457970378075, 0.00011275094446357917, 0.00014474200994727334, 0.0001400050070060388, 0.0016996466702651127, 0.0005790890060393467, 0.00025196757113693817, 0.00017400560335403725, 0.00013315535918616533, 0.00012451299638351643, 0.00011287226731936812, 0.00010520894643755433, 0.0008107705496828064, 0.0004915141602233312, 0.0002722657948534658, 0.00016448915208070575, 0.00014279976276919713, 0.00013365843574843057, 0.00013063288510407168, 0.00012899223067572787], "qspr_acc": [0.0, 0.0, 0.0, 0.0, 0.0, 0.0, 0.0, 0.0, 0.0, 0.0, 0.0, 0.0, 0.0, 0.0, 0.0, 0.0, 0.0, 0.0, 0.0, 0.0, 0.0, 0.0, 0.0, 0.0, 0.0, 0.0, 0.0, 0.0, 0.0, 0.0], "val_qspr_acc": [0.0, 0.0, 0.0, 0.0, 0.0, 0.0, 0.0, 0.0, 0.0, 0.0, 0.0, 0.0, 0.0, 0.0, 0.0, 0.0, 0.0, 0.0, 0.0, 0.0, 0.0, 0.0, 0.0, 0.0, 0.0, 0.0, 0.0, 0.0, 0.0, 0.0], "val_cation_decoded_mean_mean_squared_error": [5.973351734944859e-05, 1.0210824512942237e-05, 1.3239528535927806e-05, 2.4734173759769737e-05, 8.040976765981726e-05, 1.9421629732518673e-05, 8.445284941538782e-05, 2.0127254404427333e-05, 1.019128736952448e-05, 1.0423535591588466e-05, 1.0271742011604533e-05, 1.0030468614389264e-05, 1.0160988498556754e-05, 9.81680591741356e-06, 9.961338516717433e-06, 1.998474707962074e-05, 9.996502030075221e-06, 1.098549481814343e-05, 9.848781677037315e-06, 9.761123458943154e-06, 1.1331718396257035e-05, 1.645552326889388e-05, 1.1057634380982752e-05, 4.37899091583409e-05, 1.2475576722445321e-05, 1.556565435205174e-05, 4.94778432479423e-05, 1.0974033379714185e-05, 3.868097007003682e-05, 9.870874895857495e-06], "val_qspr_mean_squared_error": [0.3795962641979086, 0.3211103033745426, 0.09623204976662822, 0.09040437895676186, 0.13068054633579035, 0.19307736727012986, 0.054787825921486163, 0.06332701187709282, 0.30247744267014254, 0.0498367828884344, 0.17606761914560165, 0.1745007442331862, 0.20076388017884617, 0.05376398546257238, 0.08118655387012438, 0.11989288768549075, 0.10041360043246171, 0.054188529136537135, 0.03838278712897465, 0.28364181826854573, 0.12166592307474422, 0.11600381050301695, 0.10560281437703933, 0.05604669614427391, 0.08341750245669792, 0.06848946813194232, 0.1201661367868555, 0.06539446158313203, 0.2505061599029892, 0.06778405503980045], "anion_decoded_mean_acc": [0.9747397728621389, 0.9819746483248263, 0.9854065742355566, 0.9842007581799175, 0.9856126970757311, 0.9858909603505851, 0.9857363700485838, 0.9861383062962907, 0.9862722874830325, 0.9862722874830325, 0.986128001738661, 0.9860558576477222, 0.9853241243682349, 0.9853962684591738, 0.9462125103313702, 0.9763887432436593, 0.9826136235231028, 0.9845923910887477, 0.9855817785278296, 0.9857775907166088, 0.9860146321046848, 0.9862310619399951, 0.9703493771461633, 0.9804390391602684, 0.9848706592386142, 0.9858909603505851, 0.9860970810198555, 0.9862516734927607, 0.9862104491684764, 0.9862516734927607], "val_cation_decoded_mean_acc": [0.9988876601745342, 0.9998146035205359, 0.9997219107616907, 0.999351130134758, 0.9980533924596063, 0.9995365142822266, 0.9982387841432944, 0.9997219107616907, 0.9998146035205359, 0.9998146035205359, 0.9998146035205359, 0.9998146035205359, 0.9998146035205359, 0.9998146035205359, 0.9998146035205359, 0.9996292180028455, 0.9998146035205359, 0.9998146035205359, 0.9998146035205359, 0.9998146035205359, 0.9998146035205359, 0.9997219107616907, 0.9998146035205359, 0.9988876382509867, 0.9998146035205359, 0.9997219107616907, 0.998980331009832, 0.9998146035205359, 0.9991657384510698, 0.9998146035205359], "val_anion_decoded_mean_loss": [0.1506955729818892, 0.10061189943346484, 0.07680708495364792, 0.06445617871037845, 0.060567843502965464, 0.061472881799456716, 0.05680557331819644, 0.05434615550370052, 0.05118438413088349, 0.053100001281020284, 0.06166623036066691, 0.05449439944892094, 0.05263070899179612, 0.06008529286274965, 0.4476261906240178, 0.11177912474363699, 0.07944410713924759, 0.07451143535389297, 0.06856719541481171, 0.05816023274399768, 0.060853757563678695, 0.06651720122016709, 0.296326353974726, 0.09894391911468287, 0.07547374052562933, 0.06555114977661221, 0.06554519624888212, 0.06573403806521974, 0.06713573703135567, 0.06443715694992022],