{"val_cation_decoded_mean_acc": [0.9953099954212811, 0.998198352806957, 0.9969114530171063, 0.9994852390695126, 0.9997712162369532, 0.9997426195347563, 0.999542439237554, 0.9952528028623432, 0.9986845144988797, 0.9994566423673157, 0.9992278619860926, 0.9994280422832948, 0.9992564612246574, 0.99914207018859, 0.9995710325579271, 0.9994280456651187, 0.9981983468887654, 0.9992564620701134, 0.9989132931891908, 0.9868737205545953, 0.9972546295071325, 0.9963966988502665, 0.9987703003781907, 0.9989132847346313, 0.999342255558528, 0.9945950550390473, 0.9983127421521126, 0.9994566389854919, 0.9995710325579271, 0.9996282276532329], "anion_decoded_mean_loss": [0.27484815179395894, 0.10307930494015895, 0.18749046782687828, 0.12206441015505053, 0.10992692774137802, 0.0999601740314336, 0.06483661524697076, 0.058872827889887756, 0.08239790025266971, 0.18648404477321115, 0.3637492299573954, 0.20160327914411885, 0.0912116714687961, 0.09386495889433041, 0.07147934313224621, 0.052479720145658035, 0.0449510996766831, 0.055963582877391, 0.0449865266418984, 0.13850666416133675, 0.07371385033217223, 0.054203241243032114, 0.07724361503961784, 0.18385129612955983, 0.0783493820410968, 0.05360942554645621, 0.04386276132712968, 0.04384566805867112, 0.044080817590033676, 0.039385827933516235], "val_cation_decoded_mean_loss": [0.06297704745876662, 0.023019301625800893, 0.04133255660850951, 0.008358252403187626, 0.005168563106711557, 0.004464494824039598, 0.006945628233597422, 0.066186517873343, 0.01797727681861543, 0.0075043855641195745, 0.010545455134004776, 0.010570833599855396, 0.012992128710004878, 0.012174419414727612, 0.007179782347727224, 0.013902671922473832, 0.024940319626810068, 0.00800435017573099, 0.0108377619560623, 0.14942380859919474, 0.029987862914906325, 0.06071021672047622, 0.01197523677536676, 0.010985066483444567, 0.0067080090165878015, 0.05918321961946521, 0.020011579049817214, 0.007239017543112133, 0.006652232892778272, 0.005833727406694534], "val_qspr_loss": [0.13685981876461217, 0.06804597612919537, 0.1937951443465889, 0.2879141030159402, 0.033816425420396715, 0.019553743910493582, 0.09388285087989577, 0.19751798969211307, 0.15894678446418004, 0.05414228933922788, 0.08224580040637483, 0.1776158852991483, 0.10980323580562645, 0.0350118285533807, 0.13861442341449412, 0.014443379093674904, 0.08771032089671345, 0.10989077373387966, 0.10242265631966557, 0.10519352824764049, 0.03609204660863318, 0.2191691662825591, 0.020128606428914037, 0.013381399729467452, 0.08584681459775208, 0.04250677825605616, 0.018496271500245055, 0.06251017770445938, 0.018174291661022402, 0.06978485617020451], "val_anion_decoded_mean_acc": [0.9822980917937366, 0.983213224309556, 0.9804678563530563, 0.9838709662146602, 0.9817833426996325, 0.9845001105721115, 0.9857298093484649, 0.9857298093484649, 0.9677991351337297, 0.9824696838433016, 0.9623083933025387, 0.9819835297604824, 0.9837279725582042, 0.9851578482499359, 0.9866735275755537, 0.985472432265045, 0.9859013929434702, 0.9858728030049209, 0.9857584161961332, 0.982841450271877, 0.9845287106561322, 0.9850148748844227, 0.9767787676330999, 0.9835563957268465, 0.9843571270611269, 0.9857584094324856, 0.9857870061346825, 0.9860729833021231, 0.9873312753988496, 0.9864447505761545], "anion_decoded_mean_mean_squared_error": [0.0009343875974449283, 0.000393283607631474, 0.0007151257982837912, 0.00046635698368856037, 0.0004384926899846856, 0.0004006955642209565, 0.00023169343343902221, 0.0001661470047680907, 0.00025391145987318635, 0.0007333819548043058, 0.0013761398181704669, 0.0007183329984057715, 0.00027718273680383973, 0.0003277324975047956, 0.00022162323659564363, 0.00013153114238102822, 9.610836212150395e-05, 0.00014214737911083888, 9.520857032909022e-05, 0.000499784875233618, 0.0002243891816623028, 0.0001368850998671936, 0.00020502906545310034, 0.0006459727397571472, 0.00024510710543191905, 0.00013525685665641133, 9.38819645892741e-05, 9.176839877867514e-05, 9.581993654273444e-05, 7.499203818352956e-05], "val_qspr_acc": [0.0, 0.0, 0.0, 0.0, 0.0, 0.0, 0.0, 0.0, 0.0, 0.0, 0.0, 0.0, 0.0, 0.0, 0.0, 0.0, 0.0, 0.0, 0.0, 0.0, 0.0, 0.0, 0.0, 0.0, 0.0, 0.0, 0.0, 0.0, 0.0, 0.0], "cation_decoded_mean_loss": [0.03541879697805938, 0.05182142682261037, 0.02204079492324943, 0.02975368401624199, 0.008310005846581302, 0.007765949519491917, 0.010981529280311738, 0.02608748548834169, 0.036789363226334075, 0.012877333158236942, 0.009364424592129576, 0.007275933419715982, 0.007747483492839199, 0.008651853509158895, 0.004846693415185376, 0.004601553211678632, 0.010424193067618416, 0.015661980399046954, 0.013476769931154712, 0.059808408439700506, 0.07815017444606358, 0.02509431697707421, 0.01963615745021766, 0.007401495621212853, 0.0068048131753497, 0.049837009114833984, 0.05610140287509408, 0.014920769100597977, 0.007973954501246234, 0.005632854097506988], "qspr_acc": [0.0, 0.0, 0.0, 0.0, 0.0, 0.0, 0.0, 0.0, 0.0, 0.0, 0.0, 0.0, 0.0, 0.0, 0.0, 0.0, 0.0, 0.0, 0.0, 0.0, 0.0, 0.0, 0.0, 0.0, 0.0, 0.0, 0.0, 0.0, 0.0, 0.0], "loss": [3.797471375490802, 1.4416021503168426, 1.4155409257275973, 1.3352360254870803, 1.3167481815789093, 1.2949281520384266, 1.1723957945191463, 1.1490156345403193, 1.1499020263055666, 1.2901108678050217, 1.4053077271451888, 1.2214000253769592, 1.1560911210843838, 1.020568831422895, 1.0337733873277344, 1.008260138340196, 0.9610243944908143, 0.9249203171700868, 0.8972208234528383, 1.031860380782539, 0.9812127883462057, 0.896476689753317, 0.8602422975990366, 0.9612159144720759, 0.8118770825385294, 0.8166226200834402, 0.8201429731092534, 0.7320251694933912, 0.7310593535685083, 0.6921637757939184], "val_qspr_mean_squared_error": [0.13685981876461217, 0.06804597612919537, 0.1937951443465889, 0.2879141030159402, 0.033816425420396715, 0.019553743910493582, 0.09388285087989577, 0.19751798969211307, 0.15894678446418004, 0.05414228933922788, 0.08224580040637483, 0.1776158852991483, 0.10980323580562645, 0.0350118285533807, 0.13861442341449412, 0.014443379093674904, 0.08771032089671345, 0.10989077373387966, 0.10242265631966557, 0.10519352824764049, 0.03609204660863318, 0.2191691662825591, 0.020128606428914037, 0.013381399729467452, 0.08584681459775208, 0.04250677825605616, 0.018496271500245055, 0.06251017770445938, 0.018174291661022402, 0.06978485617020451], "val_cation_decoded_mean_mean_squared_error": [0.00018236217849967065, 7.28971467752504e-05, 0.00013592195143330354, 2.3217341280653584e-05, 1.0682254646460575e-05, 1.100760647109737e-05, 2.0354920409757283e-05, 0.0002106685904643155, 6.062839868537975e-05, 2.3306298271079944e-05, 3.349500950388193e-05, 2.5768777618887022e-05, 3.3485452710939424e-05, 3.3923663508517166e-05, 1.8519272091635803e-05, 2.7110947069052034e-05, 7.87553532476432e-05, 2.767690835486977e-05, 4.0538577066541643e-05, 0.0005607712654320932, 0.0001145172065262417, 0.00016179988891421322, 4.337625810515271e-05, 4.152460475653881e-05, 2.570642441532208e-05, 0.00022441407343404076, 7.156011766800739e-05, 2.287391046696865e-05, 1.9805412618304776e-05, 1.7914049910183433e-05], "qspr_loss": [3.4872043961388886, 1.2867014156612202, 1.2060096597492707, 1.1834179340016802, 1.198511247124831, 1.1872020271936299, 1.0965776497827895, 1.0640553217362858, 1.0307147644882209, 1.0907494873837744, 1.0321940773451426, 1.0125208134149597, 1.0571319689665035, 0.9180520204648902, 0.9574473497075678, 0.9511788632946417, 0.9056491016141757, 0.8532947515486166, 0.8387575243172006, 0.8335453067654944, 0.8293487612420529, 0.8171791336887895, 0.7633625248350381, 0.7699631217529677, 0.7267228858885455, 0.7131761860301656, 0.7201788075193277, 0.6732587320978223, 0.6790045824527552, 0.6471450934048727],