{"decoded_cation_mean_loss": [1.2784679728307817, 1.1699929324680767, 1.1381406136875276, 1.107390832723137, 1.0585028286019031, 1.0430022463146893, 1.0117085966347596, 0.9772657806002597, 0.9784104019231658, 0.9482199022550832], "decoded_anion_mean_loss": [0.4843908855322055, 0.24343843838953494, 0.22827476944689754, 0.22965062449810342, 0.20209847219356564, 0.20483364148659802, 0.19262782560339942, 0.17839053737567456, 0.2642107958680858, 0.19704962261311681], "val_qspr_loss": [1.3900039748447697, 1.0951303766994942, 0.9755731457617225, 0.9845319593824992, 0.8332910305116235, 0.8333526704369522, 0.730981617439084, 0.7200430188237167, 0.6087242125011072, 0.6329612753740171], "val_decoded_anion_mean_loss": [0.26225227262915635, 0.18197738106657818, 0.2208256812357321, 0.1957746113582355, 0.14341270760065172, 0.16369042836311387, 0.16997657625413523, 0.2787169145374763, 0.16699808926844015, 0.1756302089225955], "val_qspr_mean_squared_error": [1.3900039748447697, 1.0951303766994942, 0.9755731457617225, 0.9845319593824992, 0.8332910305116235, 0.8333526704369522, 0.730981617439084, 0.7200430188237167, 0.6087242125011072, 0.6329612753740171], "val_decoded_anion_mean_acc": [0.9632671097429787, 0.9703973284581813, 0.9679386310461091, 0.9707415467355309, 0.972020059097104, 0.9706432034329671, 0.9712824603406395, 0.959480724683622, 0.9735936289880334, 0.9706923685422758], "val_decoded_cation_mean_acc": [0.8523308344003631, 0.8673780444191723, 0.8663454012172979, 0.8836545987827021, 0.8728363412182506, 0.8846872608836104, 0.892702588220922, 0.8933910320444804, 0.8969315523054542, 0.8936369128343535], "decoded_cation_mean_acc": [0.8352038420916169, 0.8543191275866648, 0.8630645679756519, 0.8685503021746661, 0.8774488887854777, 0.8786576053335449, 0.8839737904722629, 0.8892134034500239, 0.8892352823970195, 0.8943381563976038], "loss": [3.720632368607131, 2.750585853992862, 2.5326955921167276, 2.356913232973124, 2.208892518482034, 2.0975631129826557, 2.021566461085788, 1.8961989090538867, 1.9670233718416739, 1.7896652353864964], "val_decoded_anion_mean_mean_squared_error": [0.0009809089938133228, 0.0006239870123042748, 0.0007712058992715688, 0.0006547246835330819, 0.00047537381654298613, 0.000558367587495368, 0.000544098087319559, 0.001079430437374224, 0.0005806233625995313, 0.0006005764845190797], "qspr_acc": [0.0, 0.0, 0.0, 0.0, 0.0, 0.0, 0.0, 0.0, 0.0, 0.0], "val_qspr_acc": [0.0, 0.0, 0.0, 0.0, 0.0, 0.0, 0.0, 0.0, 0.0, 0.003048780487804878], "qspr_loss": [1.9577735074700724, 1.33715448677843, 1.1662802088256607, 1.0198717633519345, 0.9482912132399653, 0.8497272181426035, 0.8172300338704693, 0.7405425972905593, 0.724402171675534, 0.644395708138355], "val_decoded_cation_mean_mean_squared_error": [0.005092599520050898, 0.0047991037618641446, 0.004796680505955365, 0.004432474206224448, 0.004672466845410626, 0.004260452963956972, 0.004066471243277192, 0.003974389949268321, 0.003915999783203006, 0.003940296995385391], "val_loss": [2.816621047694509, 2.3814176059350736, 2.2990703466461926, 2.213329792022705, 2.0509530974597467, 1.9946530592150804, 1.8594282661996238, 1.9350936470962152, 1.7035385050424716, 1.737910889997715], "qspr_mean_squared_error": [1.9577735074700724, 1.33715448677843, 1.1662802088256607, 1.0198717633519345, 0.9482912132399653, 0.8497272181426035, 0.8172300338704693, 0.7405425972905593, 0.724402171675534, 0.644395708138355], "decoded_anion_mean_acc": [0.9406687863279739, 0.9640337362577245, 0.9663855414262825, 0.9664293030796717, 0.9684967034224455, 0.9677309980227528, 0.9686553115236756, 0.9702523534845279, 0.9625734259371598, 0.9690381653553836], "decoded_cation_mean_mean_squared_error": [0.005585579629501131, 0.005107713183315478, 0.004946614974852628, 0.004803928491893477, 0.004562518025046387, 0.004493804352604947, 0.004330042445992374, 0.004160644183448232, 0.004169470762752474, 0.004013884749352583], "val_decoded_cation_mean_loss": [1.1643647973130389, 1.1043098292699673, 1.102671518558409, 1.0330232178292624, 1.0742493373591726, 0.9976099642311654, 0.9584700596041795, 0.936333691201559, 0.9278162136310484, 0.9293194456798274], "decoded_anion_mean_mean_squared_error": [0.0018404808346131657, 0.0008408230032725085, 0.0007775703550586963, 0.0007907278136422929, 0.0006828998185267638, 0.0006823161969621558, 0.0006372673423054353, 0.000573215182360515, 0.0009267829131905372, 0.0006557874738979484]}