{"loss": [5.591651769462647], "val_qspr_mean_squared_error": [0.14957957783489362], "val_qspr_loss": [0.14957957783489362], "decoded_anion_mean_acc": [0.9561297956693094], "val_loss": [1.289544089466122], "val_decoded_anion_mean_loss": [0.13639899618025367], "val_decoded_anion_mean_acc": [0.9802962685307712], "decoded_anion_mean_loss": [0.38725153312237043], "decoded_cation_mean_acc": [0.8651043764345505], "qspr_loss": [4.093702213155322], "val_decoded_cation_mean_acc": [0.8868679974941497], "decoded_cation_mean_loss": [1.1106979966469481], "val_qspr_acc": [0.0], "decoded_cation_mean_mean_squared_error": [0.0047570878070675665], "qspr_mean_squared_error": [4.093702213155322], "val_decoded_anion_mean_mean_squared_error": [0.00041617560705066003], "val_decoded_cation_mean_loss": [1.0035655037731144], "qspr_acc": [0.0], "val_decoded_cation_mean_mean_squared_error": [0.004255958599969745], "decoded_anion_mean_mean_squared_error": [0.0014444550935205462]}