{"val_loss": [5.136093534272293], "val_decoded_mean_loss": [4.845174723658069], "val_qspr_loss": [0.29091872703069926], "val_decoded_mean_acc": [0.7343732961292925], "val_decoded_mean_mean_squared_error": [0.009024896380630717], "val_qspr_acc": [0.0], "val_qspr_mean_squared_error": [0.29091872703069926], "loss": [16.846049861176706], "decoded_mean_loss": [7.350997611585136], "qspr_loss": [9.495052213028979], "decoded_mean_acc": [0.6393975384700031], "decoded_mean_mean_squared_error": [0.012619318935079888], "qspr_acc": [0.0], "qspr_mean_squared_error": [9.495052213028979]}