{"decoded_cation_mean_loss": [2.200259364116669], "loss": [4.411772341461182], "decoded_anion_mean_loss": [2.2115129773750306], "decoded_anion_mean_acc": [0.7058779516445249], "decoded_cation_mean_acc": [0.7078508225865066]}