{"val_loss": [3.9832918890591325, 3.033144479510428, 2.6926504524274804, 2.549631962830993, 2.2610103152264123, 2.1523467590068948, 1.9827265465396575, 2.2319313493268242, 1.8486991202694245, 1.7129807020055836], "val_decoded_mean_loss": [3.52453683436602, 2.9035127573999864, 2.600314238975788, 2.385224789038472, 2.182890417932094, 1.98650109904936, 1.8536472197236686, 2.11390190837027, 1.7058259235031303, 1.589865369358282], "val_qspr_loss": [0.45875505948888845, 0.12963170823694645, 0.09233621328041472, 0.16440718150001832, 0.07811992315725348, 0.16584566578097726, 0.1290793021519979, 0.11802940789995522, 0.14287318957263026, 0.1231153132929199], "val_decoded_mean_acc": [0.7307060833635002, 0.7794198051266287, 0.804050355807118, 0.8176792585986784, 0.8375478934967655, 0.8519978105336771, 0.864805695654332, 0.8419814020737835, 0.8750957689066042, 0.8848385365529993], "val_decoded_mean_mean_squared_error": [0.008552435742712569, 0.007289751775391485, 0.006588156265474257, 0.006058873624765667, 0.005518028362729083, 0.005017271597238107, 0.004703777777994501, 0.005440145217139146, 0.004328695698587716, 0.0040027308438358635], "val_qspr_acc": [0.0, 0.0, 0.0, 0.0, 0.0, 0.0, 0.0, 0.0, 0.0, 0.0], "val_qspr_mean_squared_error": [0.45875505948888845, 0.12963170823694645, 0.09233621328041472, 0.16440718150001832, 0.07811992315725348, 0.16584566578097726, 0.1290793021519979, 0.11802940789995522, 0.14287318957263026, 0.1231153132929199], "loss": [15.404885289006339, 4.643228755134363, 4.033858385634498, 3.6363086395751174, 3.4199060369985173, 3.2651643459027566, 3.108975952197188, 2.983626446099327, 2.9305081850423598, 2.755717217198576], "decoded_mean_loss": [6.068096138798771, 3.3881022572136534, 2.9361333994819714, 2.669233769882982, 2.477584849378933, 2.2802504938631394, 2.1234792457221032, 2.0703557061692015, 2.0526252633085647, 1.8235921686068892], "qspr_loss": [9.336789218457742, 1.2551264920554603, 1.0977250141838488, 0.967074878223407, 0.9423212011401265, 0.984913862399019, 0.985496693183058, 0.913270736159608, 0.8778829224574299, 0.9321250437166744], "decoded_mean_acc": [0.65493990198111, 0.7411045212334337, 0.774264411575878, 0.7970059389504381, 0.8126882707729888, 0.8290582689995202, 0.8399756564499852, 0.8446797504211767, 0.8448988306255767, 0.8628327969544992], "decoded_mean_mean_squared_error": [0.012714331423322232, 0.008359918215523322, 0.007399826948516095, 0.006757221092431309, 0.006276273106436093, 0.005797756998576581, 0.005428742209729105, 0.005311534743898879, 0.005310566112184867, 0.004697884662677876], "qspr_acc": [0.0, 0.0, 0.0, 0.0, 0.0, 0.0, 0.0, 0.0, 0.0, 0.0], "qspr_mean_squared_error": [9.336789218457742, 1.2551264920554603, 1.0977250141838488, 0.967074878223407, 0.9423212011401265, 0.984913862399019, 0.985496693183058, 0.913270736159608, 0.8778829224574299, 0.9321250437166744]}