{"val_anion_decoded_mean_mean_squared_error": [0.00024639608913300297], "val_loss": [0.4875110561815684], "val_cation_decoded_mean_loss": [0.08171367587134142], "cation_decoded_mean_mean_squared_error": [9.334534763565035e-05], "anion_decoded_mean_mean_squared_error": [0.0006627767147893546], "val_anion_decoded_mean_loss": [0.06563042086742868], "anion_decoded_mean_loss": [0.1885992732882269], "val_cation_decoded_mean_mean_squared_error": [0.000307857153066722], "val_cation_decoded_mean_acc": [0.9930450244237913], "val_qspr_acc": [1.0], "anion_decoded_mean_acc": [0.9778545339805921], "cation_decoded_mean_loss": [0.03213225634655381], "val_anion_decoded_mean_acc": [0.9839115606858426], "val_qspr_mean_squared_error": [0.34016696138669983], "qspr_acc": [0.9958978183852322], "loss": [2.4336415535197116], "qspr_mean_squared_error": [2.2129100235722614], "cation_decoded_mean_acc": [0.9977880076376912], "qspr_loss": [2.2129100235722614], "val_qspr_loss": [0.34016696138669983]}