{"val_loss": [2.806325411682129], "val_acc": [0.3214483811378479], "loss": [3.096917486843533], "acc": [0.3160784126970503]}