{"loss": [3.857251482600876], "val_anion_decoded_mean_mean_squared_error": [0.00034640195346247497], "cation_decoded_mean_mean_squared_error": [5.5849154669653916e-05], "val_cation_decoded_mean_loss": [0.01406622403268273], "val_cation_decoded_mean_mean_squared_error": [3.5836024310694795e-05], "val_loss": [0.24258087501458242], "qspr_acc": [0.0], "val_cation_decoded_mean_acc": [0.9992850596177663], "val_qspr_mean_squared_error": [0.1442031553873779], "anion_decoded_mean_mean_squared_error": [0.000850359926684657], "val_anion_decoded_mean_acc": [0.9822409009257107], "qspr_loss": [3.5935862156821115], "val_qspr_acc": [0.0], "anion_decoded_mean_loss": [0.24348148740629533], "qspr_mean_squared_error": [3.5935862156821115], "val_qspr_loss": [0.1442031553873779], "cation_decoded_mean_loss": [0.020183754204003205], "cation_decoded_mean_acc": [0.9986980864346228], "anion_decoded_mean_acc": [0.9698237156242173], "val_anion_decoded_mean_loss": [0.08431149422065586]}