{"decoded_cation_mean_loss": [1.114578310850929, 0.9522492203318158, 0.8772757659302864, 0.8224579231471312, 0.7866639020129118, 0.7481461548113555, 0.7402171642205785, 0.7107723795181905, 0.684088446695423, 0.6756312729974976, 0.6451750013492789, 0.6192454511723576, 0.6138593330170621, 0.6261034224286032, 0.6580633196942266, 0.6499882406658597, 0.6135875355133955, 0.5742101147079788, 0.5341051210189256, 0.5457290164377884, 0.5482650427145908, 0.5359841240435774, 0.5194771399694669, 0.4983525770301529, 0.4765813209694331, 0.4595213243894048, 0.44894618141785253, 0.5378119525341021, 0.5526670186576558, 0.6717696277164062], "decoded_anion_mean_loss": [0.4059556157826107, 0.1464894688738764, 0.12744819774756141, 0.11674508691504554, 0.13407173432234784, 0.1144745119440972, 0.1298700326883466, 0.1275299298050419, 0.1202107643661166, 0.13510419739193763, 0.11416467919560469, 0.10393008992049453, 0.12052870593716554, 0.1980722514404826, 0.1546320056030683, 0.16934885295486224, 0.13941403117397727, 0.11829534529733875, 0.09948357544767332, 0.11672849058281488, 0.12139627295696032, 0.1043968877838, 0.09637167718381319, 0.09143659289252107, 0.08530702038596598, 0.08213584934945217, 0.0878755996065872, 0.15845050112968698, 0.21763044906269524, 0.29436807111214436], "val_qspr_loss": [0.10491272970928368, 0.08011637712624056, 0.22770779246979572, 0.06170447403234793, 0.12442471699934479, 0.05221623309115146, 0.05686321569249985, 0.039605351799028986, 0.03676688609023889, 0.07134132721322647, 0.03580016402382377, 0.11644025685939383, 0.062358737784497284, 0.11404469080850588, 0.024016177387419322, 0.04060760235532801, 0.1000228225128025, 0.03440777981217871, 0.1422058053261845, 0.19242486294279706, 0.12114821416689149, 0.01511148602457334, 0.019996631203602393, 0.1112830656851437, 0.02298454129209755, 0.07442380657010045, 0.060332222161352214, 0.08886926774437545, 0.1857791820950542, 0.05828997405602577], "val_decoded_anion_mean_loss": [0.13659194323188023, 0.1079509697114745, 0.09740504095370466, 0.09097561590267834, 0.09643427559987028, 0.08790710991156017, 0.10050213601149566, 0.11646414048811222, 0.08921763839873861, 0.10827185266406823, 0.08640190953692646, 0.094621021921436, 0.08963089545937718, 0.3023026870920303, 0.11232315943120642, 0.11943124615131541, 0.09544587217218486, 0.10503641434066685, 0.0830662783948665, 0.10373280736360144, 0.11027773382498864, 0.08510670654396428, 0.08487731576335768, 0.08394539212239972, 0.08603692367831443, 0.08048988598009162, 0.0902114059208027, 0.118779358526705, 1.037544293183807, 0.12010190040137328], "val_qspr_mean_squared_error": [0.10491272970928368, 0.08011637712624056, 0.22770779246979572, 0.06170447403234793, 0.12442471699934479, 0.05221623309115146, 0.05686321569249985, 0.039605351799028986, 0.03676688609023889, 0.07134132721322647, 0.03580016402382377, 0.11644025685939383, 0.062358737784497284, 0.11404469080850588, 0.024016177387419322, 0.04060760235532801, 0.1000228225128025, 0.03440777981217871, 0.1422058053261845, 0.19242486294279706, 0.12114821416689149, 0.01511148602457334, 0.019996631203602393, 0.1112830656851437, 0.02298454129209755, 0.07442380657010045, 0.060332222161352214, 0.08886926774437545, 0.1857791820950542, 0.05828997405602577], "val_decoded_anion_mean_acc": [0.979638527471123, 0.9820979098056225, 0.9832418150935612, 0.984185536702474, 0.9837565692604011, 0.9834420021544111, 0.9840425489642096, 0.9825268806295192, 0.9861587666450663, 0.9823552868890424, 0.9849004846938113, 0.9837279843945875, 0.9848146912053968, 0.9612502857302943, 0.9822980960210165, 0.9813257853190104, 0.9837565853240642, 0.9834134012249345, 0.9844143204655208, 0.9815545648547774, 0.9802390759718334, 0.9842141401683185, 0.9837565751785927, 0.9837565658785773, 0.9837851761080695, 0.9841569400002771, 0.9830988273552969, 0.9811541907330776, 0.8935026272814325, 0.9826984676063484], "val_decoded_cation_mean_acc": [0.8906714751365337, 0.9054564165730848, 0.9117192854272559, 0.915894534148223, 0.9184969109846345, 0.9215282561085748, 0.9221002104434561, 0.9242450248265097, 0.9284488702496738, 0.9296213612488821, 0.9355696684925269, 0.9359414311165505, 0.9396591194977997, 0.9204415459159418, 0.9339109984695488, 0.9388011905318456, 0.9443491156219591, 0.9441203436952956, 0.946293756894186, 0.9436627702510103, 0.94005948516494, 0.9432052128703882, 0.9489533275577193, 0.9510409527636589, 0.9539579009333401, 0.95467283793375, 0.9540436961126666, 0.9477808272584956, 0.9134637434431847, 0.9399736946356212], "decoded_cation_mean_acc": [0.8653431107759334, 0.8966462315834555, 0.9074307527559995, 0.9139339296286549, 0.9175022437136297, 0.9216562572470403, 0.9227639955130464, 0.92672701774322, 0.9299165378290685, 0.9308110017124331, 0.9345862216231431, 0.9373587486022601, 0.9382850469887927, 0.9362382790570384, 0.9321415619264817, 0.9331569893369078, 0.9380303953370094, 0.94255046584984, 0.9471946890029019, 0.945450322219129, 0.9451256388975173, 0.9469527689126532, 0.9484011031994576, 0.9509762730475171, 0.9535864568424808, 0.95535629026655, 0.9564512945242551, 0.9455521804518969, 0.9435595258326368, 0.9271089951738418], "loss": [5.849205473317699, 2.238028214155204, 2.0962126180220806, 1.9937023421540307, 1.9463654506928778, 1.905606520182992, 1.8824128288005921, 1.8808861486253499, 1.816839461310601, 1.8124873121038376, 1.7202910107457712, 1.6466246541021183, 1.6931444458267924, 1.7199438411572616, 1.7715484393591097, 1.700293969562215, 1.6095210792563337, 1.5312413823470483, 1.4449898240268406, 1.472567666557994, 1.4699099672741736, 1.4072937786590896, 1.3196332191418727, 1.2961585507111506, 1.2948244047607218, 1.2529135700370377, 1.1860181871946451, 1.3641591555318913, 1.407282170963306, 1.5940388798454892], "val_decoded_anion_mean_mean_squared_error": [0.00042542887673876746, 0.00031398590880411873, 0.0002714439580413713, 0.00023956812371276706, 0.0002726551684639078, 0.00023865326335347143, 0.0002972374949686837, 0.00034393965590605676, 0.00025152519311690257, 0.00031362561359391623, 0.00023176465996494435, 0.0002735301931487753, 0.000251221064035822, 0.0011542738181644563, 0.0003316250282644413, 0.0003839881043362676, 0.0002745531292924086, 0.00029636830646616525, 0.00022264869711123423, 0.0003107984070187263, 0.00033490117656332047, 0.00022946251797196617, 0.000224875000317652, 0.0002177794907159599, 0.00020380661861744433, 0.00020965288567112892, 0.0002253534615366779, 0.0003458642713409347, 0.0039960146974111705, 0.0003406190246728361], "qspr_acc": [0.0, 0.0, 0.0, 0.0, 0.0, 0.0, 0.0, 0.0, 0.0, 0.0, 0.0, 0.0, 0.0, 0.0, 0.0, 0.0, 0.0, 0.0, 0.0, 0.0, 0.0, 0.0, 0.0, 0.0, 0.0, 0.0, 0.0, 0.0, 0.0, 0.0], "val_qspr_acc": [0.0, 0.0, 0.0, 0.0, 0.0, 0.0, 0.0, 0.0, 0.0, 0.0, 0.0, 0.0, 0.0, 0.0, 0.0, 0.0, 0.0, 0.0, 0.0, 0.0, 0.0, 0.0, 0.0, 0.0, 0.0, 0.0, 0.0, 0.0, 0.0, 0.0], "qspr_loss": [4.328671517964061, 1.1392895167504915, 1.0914886598994518, 1.0544993279952846, 1.0256298191688082, 1.0429858590503969, 1.0123256405935688, 1.0425838372494216, 1.0125402497638254, 1.0017518415850062, 0.9609513261131406, 0.923449116849984, 0.95875641334238, 0.8957681721170108, 0.9588531148323111, 0.8809568777295149, 0.8565195113426368, 0.8387359232386824, 0.811401121869745, 0.8101101580846232, 0.8002486555021567, 0.7669127633262485, 0.7037844008799016, 0.706369385002679, 0.7329360686723405, 0.7112563975245049, 0.6491964046174497, 0.667896705405915, 0.636984703348825, 0.6279011813874825],