{"val_loss": [2.7061225997924803], "val_acc": [0.35358171422004697], "loss": [2.8535477672831218], "acc": [0.3438373756949107]}