{"val_loss": [3.0789131480407717], "val_acc": [0.31353428589820864], "loss": [3.286225590997877], "acc": [0.3257741841844526]}