{"val_cation_decoded_mean_acc": [0.9993511287645361, 0.9979607044965372, 0.9998146035205359, 0.9998146035205359, 0.9993511239687601, 0.9980533924596063, 0.9987022575290724, 0.9996292180028455, 0.9987949502879175, 0.9997219107616907], "anion_decoded_mean_loss": [0.4656381880132535, 0.15006311787203097, 0.09735673664572139, 0.07594621099603062, 0.05884188384579393, 0.05399618725331066, 0.0526646877963322, 0.05275191920824325, 0.0512964447180684, 0.0498635796217111], "val_cation_decoded_mean_loss": [0.014368007548324678, 0.031436821146086716, 0.008347776183194813, 0.00664735190977139, 0.009899283919868797, 0.03898406960070133, 0.020088615543583686, 0.008402649441669727, 0.016314167042273557, 0.0056003552390497995], "val_qspr_loss": [0.3472530095056556, 0.11505711112899342, 0.10297953054822724, 0.21914143226612573, 0.15618799232888494, 0.13381960782511482, 0.08582753833683057, 0.05969039119523147, 0.12706404958648243, 0.13092494987208267], "val_anion_decoded_mean_acc": [0.9697812411976957, 0.9821097549350782, 0.9836855647207676, 0.9847979093420094, 0.9852613998555589, 0.9852613888937851, 0.9855394781320944, 0.9853540816526304, 0.9852613888937851, 0.98516869613494], "anion_decoded_mean_mean_squared_error": [0.0015258475624741492, 0.0005851404189828414, 0.000382063906264533, 0.0003132909624510037, 0.00024472474230138343, 0.00022451779342124172, 0.00021731676754392504, 0.00022786629154066446, 0.00022390355440617718, 0.00021869729701338016], "val_qspr_acc": [0.0, 0.0, 0.0, 0.0, 0.0, 0.0, 0.0, 0.0, 0.0, 0.0], "cation_decoded_mean_loss": [0.013895917471688682, 0.01724228677920069, 0.025709807062253783, 0.020231771295348675, 0.014377420167394054, 0.06908110407666086, 0.041976806938279265, 0.0237475282952975, 0.02775427177399635, 0.01898821899325203], "qspr_acc": [0.0, 0.0, 0.0, 0.0, 0.0, 0.0, 0.0, 0.0, 0.0, 0.0], "loss": [6.381742131671967, 1.3603928157315848, 1.1620541924485763, 1.050259189902784, 1.0787729115912708, 1.0937292408638488, 1.0453721798646944, 1.0253289650042599, 1.0071830350370072, 0.9741276921174777], "val_qspr_mean_squared_error": [0.3472530095056556, 0.11505711112899342, 0.10297953054822724, 0.21914143226612573, 0.15618799232888494, 0.13381960782511482, 0.08582753833683057, 0.05969039119523147, 0.12706404958648243, 0.13092494987208267], "val_cation_decoded_mean_mean_squared_error": [2.922631456939449e-05, 8.518015960592378e-05, 1.0842396798987716e-05, 1.0153665144556904e-05, 2.924801256817407e-05, 0.00011084983413022054, 6.172423015359214e-05, 1.9547047517774225e-05, 5.524267391237295e-05, 1.3430756481263426e-05], "qspr_loss": [5.902208032318578, 1.193087408946345, 1.0389876503533069, 0.9540812128268111, 1.0055536089423365, 0.9706519526795457, 0.9507306909789673, 0.9488295228717426, 0.9281323123663759, 0.9052758941635156], "anion_decoded_mean_acc": [0.9580748201940006, 0.977996496499156, 0.9821910696288648, 0.9837782030669264, 0.985169533114083, 0.9856333049722373, 0.985767284940226, 0.9854477951701838, 0.9855508538861625, 0.985643609529867], "val_loss": [0.6258322699316616, 0.2839430282855856, 0.21967324443247127, 0.3206231278934698, 0.25944420249982814, 0.2640201524756421, 0.19667456376141515, 0.16010921268627562, 0.23663232997916211, 0.23086873621776186], "qspr_mean_squared_error": [5.902208032318578, 1.193087408946345, 1.0389876503533069, 0.9540812128268111, 1.0055536089423365, 0.9706519526795457, 0.9507306909789673, 0.9488295228717426, 0.9281323123663759, 0.9052758941635156], "cation_decoded_mean_mean_squared_error": [2.4022166418633195e-05, 3.8281186961591684e-05, 7.793639863865946e-05, 6.37931335408932e-05, 3.758367812559355e-05, 0.00020505068175934459, 0.00014280248139959568, 7.678637995498817e-05, 8.820552834767674e-05, 6.0243411633363896e-05], "val_anion_decoded_mean_loss": [0.26421125147534513, 0.13744909461887403, 0.10834594464850152, 0.09483434876491284, 0.09335692449547779, 0.09121647168850076, 0.09075841102106817, 0.09201617282012413, 0.09325410905240596, 0.09434343377749126], "cation_decoded_mean_acc": [0.9994434695274305, 0.9992064259684504, 0.9981964306328625, 0.9984746951264695, 0.9991136703247461, 0.9953313384193201, 0.99657837499064, 0.9982376559092976, 0.9979593929010458, 0.9986395972986191], "val_anion_decoded_mean_mean_squared_error": [0.000980641320883029, 0.00046476092635809135, 0.00035653628286639303, 0.0003166609123749284, 0.00030439020980108696, 0.00030405343618597193, 0.0002989112604886575, 0.00030407914111973456, 0.0003052549938060445, 0.00030237752612631357]}